"aj5-e-51","7.6(3a)"
"aj5-e-52","7.6(3a)"
"aj5-e-52_af.cfg","7.6(3a)"
"aj5-e-52_be.cfg","7.6(3a)"
"aj5-e-53","7.6(3a)"
"aj5-e-54","7.6(3a)"
"aj5-e-54_af.cfg","7.6(3a)"
"aj5-e-54_be.cfg","7.6(3a)"
"aj5-e-55","7.6(3a)"
"aj5-e-56","7.6(3a)"
"aj5-e-57","7.6(3a)"
"aj5-e-58","7.6(3a)"
"aj5-e-59","7.6(3a)"
"aj5-e-71","7.6(3a)"
"aj5-e-72","7.6(3a)"
"aj5-e-81","7.6(3a)"
"aj5-e-82","7.6(3a)"
"aj5-i-01","12.1"
"aj5-i-02","12.1"
"aj5-i-03","12.1"
"aj5-i-04","12.1"
"aj5-i-05","12.1"
"aj5-i-06","12.1"
"aj5-i-07","12.1"
"aj5-i-08","12.1"
"aj5-i-09","12.1"
"aj5-i-10","12.1"
"aj5-i-11","12.1"
"aj5-i-71","12.1"
"aj5-i-72","12.1"
"aj5-i-73","12.1"
"aj5-i-74","12.1"
"aj5-i-75","12.1"
"aj5-i-76","12.1"
"aj5-i-78","12.1"
"aj5-i-81","12.1"
"aj5-i-82","12.1"
"aj5-i-83","12.1"
"aj5-i-84","12.1"
"aj5-i-85","12.1"
"aj5-i-86","12.1"
"aj5-i-87","12.1"
"aj5-i-yobi","12.1"
"aj5-m-51","12.1"
"aj5-m-52","12.1"
"aj5-m-53","12.1"
"aj5-m-54","12.1"
"aj5-m-71","12.1"
"aj5-m-72","12.1"
"aj5-m-73","12.1"
"aj5-m-74","12.1"
"aj5-q-01","12.1"
"aj5-q-02","12.1"
"aj5-q-03","12.1"
"aj5-q-05","12.1"
"aj5-q-06","12.1"
"aj5-q-07","12.1"
"aj5-q-08","12.1"
"aj5-q-09","12.1"
"aj5-q-10","12.1"
"aj5-q-11","12.1"
"aj5-q-51","12.1"
"aj5-q-71","12.1"
"aj5-q-72","12.1"
"aj5-q-73","12.1"
"aj5-q-74","12.1"
"aj5-q-81","12.1"
"aj5-q-82","12.1"
"aj5-q-83","12.1"
"aj5-q-84","12.1"
"aj5-q-85","12.1"
"aj5-q-91","12.1"
"as8-g-01","7.1(1)"
"atu-dcn-301","12.1"
"atu-dcn-yobi","12.1"
"atu05-aea-101","12.1"
"atu05-aea-102","12.1"
"atu05-aea-103","12.1"
"atu05-aea-104","12.1"
"atu05-aea-151","12.1"
"atu05-aea-152","12.1"
"atu05-aea-155","12.1"
"atu05-aem-101","12.1"
"atu05-aem-103","12.1"
"atu05-art-101","12.1"
"awa-dcn-301","12.1"
"awa-dcn-302","12.1"
"awa-dcn-yobi02","12.1"
"awa-dcn-yobi","12.1"
"awa06-aea-101","12.1"
"awa06-aea-102","12.1"
"awa06-aea-103","12.1"
"awa06-aea-104","12.1"
"awa06-aea-151","12.1"
"awa06-aea-152","12.1"
"awa06-aem-101","12.1"
"awa06-aem-103","12.1"
"awa06-art-101","12.1"
"awa07-aea-101","12.1"
"awa07-aea-102","12.1"
"awa07-aea-103","12.1"
"awa07-aea-104","12.1"
"awa07-aea-105","12.1"
"awa07-aea-151","12.1"
"awa07-aea-152","12.1"
"awa07-aea-153","12.1"
"awa07-aea-154","12.1"
"awa07-art-101","12.1"
"awa09-aea-101","12.1"
"awa09-aea-102","12.1"
"awa09-aea-103","12.1"
"awa09-aea-104","12.1"
"awa09-aea-151","12.1"
"awa09-aea-152","12.1"
"awa09-aem-101","12.1"
"awa09-aem-103","12.1"
"awa09-art-101","12.1"
"cf2-g-01","7.1(1)"
"cf2-g-02","7.1(1)"
"chb-dcn-301","12.1"
"chb-dcn-yobi","12.1"
"chb03-aea-101","12.1"
"chb03-aea-102","12.1"
"chb03-aea-103","12.1"
"chb03-aea-104","12.1"
"chb03-aea-151","12.1"
"chb03-aea-152","12.1"
"chb03-aem-101","12.1"
"chb03-aem-103","12.1"
"chb03-art-101","12.1"
"chu-dcn-301","12.1"
"chu-dcn-yobi","12.1"
"chu-iea-101","12.1"
"chu-iea-yb1","12.1"
"chu08-aea-101","12.1"
"chu08-aea-102","12.1"
"chu08-aea-103","12.1"
"chu08-aea-104","12.1"
"chu08-aea-105","12.1"
"chu08-aea-106","12.1"
"chu08-aea-107","12.1"
"chu08-aea-108","12.1"
"chu08-aea-109","12.1"
"chu08-aea-151","12.1"
"chu08-aea-152","12.1"
"chu08-aea-155","12.1"
"chu08-aem-101","12.1"
"chu08-aem-103","12.1"
"chu08-art-101","12.1"
"cm2-e-51","7.6(3a)"
"cm2-e-51_af.cfg","7.6(3a)"
"cm2-e-51_be.cfg","7.6(3a)"
"cm2-e-52","7.6(3a)"
"cm2-e-53","7.6(3a)"
"cm2-e-54","7.6(3a)"
"cm2-i-01","12.1"
"cm2-i-02","12.1"
"cm2-i-03","12.1"
"cm2-i-04","12.1"
"cm2-i-05","12.1"
"cm2-i-09","12.1"
"cm2-i-10","12.1"
"cm2-i-yobi","12.1"
"cm2-m-51","12.1"
"cm2-m-52","12.1"
"cm2-m-53","12.1"
"cm2-m-54","12.1"
"cm2-m-55","12.1"
"cm2-m-57","12.1"
"cm2-q-00","12.1"
"cm2-q-01n","12.1"
"cm2-q-02","12.1"
"cm2-q-03","12.1"
"cm2-q-04","12.1"
"cm2-q-05","12.1"
"cm2-q-06","12.1"
"cm2-q-51","12.1"
"dai-dcn-301","12.1"
"dai-dcn-yobi","12.1"
"dai07-aea-101","12.1"
"dai07-aea-102","12.1"
"dai07-aea-103","12.1"
"dai07-aea-104","12.1"
"dai07-aea-151","12.1"
"dai07-aea-152","12.1"
"dai07-aem-101","12.1"
"dai07-aem-103","12.1"
"dai07-art-101","12.1"
"dj5-d-01","12.1"
"dj5-e-51","7.6(3a)"
"dj5-e-51_af.cfg","7.6(3a)"
"dj5-e-51_be.cfg","7.6(3a)"
"dj5-e-52","7.6(3a)"
"dj5-e-52_af.cfg","7.6(3a)"
"dj5-e-52_be.cfg","7.6(3a)"
"dj5-e-53","7.6(3a)"
"dj5-i-01","12.1"
"dj5-i-02","12.1"
"dj5-i-05","12.1"
"dj5-i-06","12.1"
"dj5-i-08","12.1"
"dj5-i-09","12.1"
"dj5-i-10","12.1"
"dj5-i-12","12.1"
"dj5-i-13","12.1"
"dj5-i-yobi","12.1"
"dj5-m-05","12.1"
"dj5-m-05yobi","12.1"
"dj5-m-51","12.1"
"dj5-m-52","12.1"
"dj5-m-53","12.1"
"dj5-m-54","12.1"
"dj5-m-55","12.1"
"dj5-m-57","12.1"
"dj5-m-58","12.1"
"dj5-m-60","12.1"
"dj5-m-61","12.1"
"dj5-m-61","12.1"
"dj5-m-62","12.1"
"em6-g-02","7.1(1)"
"em6-i-yobi","12.1"
"em6-m-51","12.1"
"em6-m-52","12.1"
"fc7-g-02","12.1"
"fc7-g-02yobi","12.1"
"fh8-g-01","7.1(1)"
"fh8-i-yobi","12.1"
"fh8-m-51","12.1"
"ft7-e-01","7.6(3a)"
"ft7-e-01_be.cfg","7.6(3a)"
"ft7-e-02","7.6(3a)"
"ft7-e-02_af.cfg","7.6(3a)"
"ft7-e-03","7.6(3a)"
"ft7-e-04","7.6(3a)"
"ft7-e-05","7.6(3a)"
"ft7-e-06","7.6(3a)"
"ft7-i-01","12.1"
"ft7-i-02","12.1"
"ft7-i-03","12.1"
"ft7-i-04","12.1"
"ft7-i-05","12.1"
"ft7-i-07","12.1"
"ft7-i-08","12.1"
"ft7-i-10","12.1"
"ft7-i-11","12.1"
"ft7-i-yobi","12.1"
"ft7-m-51","12.1"
"ft7-m-52","12.1"
"ft7-m-53","12.1"
"ft7-m-54","12.1"
"ft7-m-55","12.1"
"ft7-m-56","12.1"
"ft7-m-57","12.1"
"ft7-m-58","12.1"
"ft7-m-59","12.1"
"ft7-m-60","12.1"
"ft7-q-01","12.1"
"ft7-q-02","12.1"
"ft7-q-03","12.1"
"ft7-q-04","12.1"
"ft7-q-05","12.1"
"ft7-q-06","12.1"
"ft7-q-07","12.1"
"ft7-q-08","12.1"
"ft7-q-51","12.1"
"gf4-g-02","7.1(1)"
"gk2-g-01","7.1(1)"
"gs2-e-01","7.6(3a)"
"gs2-e-02","7.6(3a)"
"gs2-e-03","7.6(3a)"
"gs2-e-04","7.6(3a)"
"gs2-e-71","7.6(3a)"
"gs2-e-72","7.6(3a)"
"gs2-i-01","12.1"
"gs2-i-02","12.1"
"gs2-i-03","12.1"
"gs2-i-04","12.1"
"gs2-i-05","12.1"
"gs2-i-06","12.1"
"gs2-i-07","12.1"
"gs2-i-08","12.1"
"gs2-i-09","12.1"
"gs2-i-10","12.1"
"gs2-i-11","12.1"
"gs2-i-12","12.1"
"gs2-i-71","12.1"
"gs2-i-72","12.1"
"gs2-i-73","12.1"
"gs2-i-74","12.1"
"gs2-i-yobi","12.1"
"gs2-m-51","12.1"
"gs2-m-52","12.1"
"gs2-m-53","12.1"
"gs2-m-54","12.1"
"gs2-m-55","12.1"
"gs2-m-56","12.1"
"gs2-q-01","12.1"
"gs2-q-02","12.1"
"gs2-q-03","12.1"
"gs2-q-04","12.1"
"gs2-q-05","12.1"
"gs2-q-06","12.1"
"gs2-q-51","12.1"
"gs2-q-55","12.1"
"gs2-q-71","12.1"
"gs2-q-72","12.1"
"gs2-q-73","12.1"
"gs2-q-74","12.1"
"hd2-g-01","7.6(9)"
"hd2-g-02","7.1(1)"
"hd2-g-03","12.1"
"hd2-g-03yobi","12.1"
"hm6-e-01","7.6(3a)"
"hm6-e-01_af.cfg","7.6(3a)"
"hm6-e-01_be.cfg","7.6(3a)"
"hm6-e-02","7.6(3a)"
"hm6-e-02_af.cfg","7.6(3a)"
"hm6-e-02_be.cfg","7.6(3a)"
"hm6-e-03","7.6(3a)"
"hm6-e-03_af.cfg","7.6(3a)"
"hm6-e-03_be.cfg","7.6(3a)"
"hm6-e-04","7.6(3a)"
"hm6-e-05","7.6(3a)"
"hm6-e-05_af.cfg","7.6(3a)"
"hm6-e-05_be.cfg","7.6(3a)"
"hm6-i-01","12.1"
"hm6-i-02","12.1"
"hm6-i-03","12.1"
"hm6-i-04","12.1"
"hm6-i-06","12.1"
"hm6-i-07","12.1"
"hm6-i-08","12.1"
"hm6-i-09","12.1"
"hm6-i-10","12.1"
"hm6-i-11","12.1"
"hm6-i-yobi","12.1"
"hm6-m-51","12.1"
"hm6-m-52","12.1"
"hm6-m-53","12.1"
"hm6-m-54","12.1"
"hm6-m-55","12.1"
"hm6-m-56","12.1"
"hm6-m-57","12.1"
"hm6-m-58","12.1"
"hm6-q-01","12.1"
"hm6-q-02","12.1"
"hm6-q-03","12.1"
"hm6-q-04","12.1"
"hm6-q-05","12.1"
"hm6-q-51","12.1"
"hn6-g-01","7.1(1)"
"hn6-g-02","12.1"
"ia2-g-01","7.1(1)"
"ik5-g-02","7.1(1)"
"im8-g-01","7.1(1)"
"is5-i-yobi","12.1"
"is5-m-51","12.1"
"kar-dcn-301","12.1"
"kar-dcn-yobi","12.1"
"kar03-aev-102","12.1"
"kar03-aev-103","12.1"
"kar03-aev-104","12.1"
"kar03-art-101","12.1"
"kb6-g-02","7.1(1)"
"kc5-g-01","7.1(1)"
"kc5-g-02","7.1(1)"
"kd5-e-51","7.6(3a)"
"kd5-e-51_af.cfg","7.6(3a)"
"kd5-e-51_be.cfg","7.6(3a)"
"kd5-e-52","7.6(3a)"
"kd5-e-53","7.6(3a)"
"kd5-i-01","12.1"
"kd5-i-02","12.1"
"kd5-i-03","12.1"
"kd5-i-04","12.1"
"kd5-i-06","12.1"
"kd5-i-07","12.1"
"kd5-i-yobi","12.1"
"kd5-m-51","12.1"
"kd5-m-52","12.1"
"kd5-m-53","12.1"
"kd5-m-54","12.1"
"kd5-m-55","12.1"
"kd5-m-56","12.1"
"kd5-m-57","12.1"
"kd5-m-58","12.1"
"kd5-q-01","12.1"
"kd5-q-02","12.1"
"kd5-q-03","12.1"
"kd5-q-05","12.1"
"kd5-q-51","12.1"
"kk7-g-02","7.1(1)"
"km5-e-51","7.6(3a)"
"km5-e-52","7.6(3a)"
"km5-e-53","7.6(3a)"
"km5-i-01","12.1"
"km5-i-02","12.1"
"km5-i-03","12.1"
"km5-i-04","12.1"
"km5-i-05","12.1"
"km5-i-06","12.1"
"km5-i-yobi","12.1"
"km5-m-51","12.1"
"km5-m-53","12.1"
"km5-m-54","12.1"
"km5-m-55","12.1"
"km5-m-60","12.1"
"km5-m-61","12.1"
"km5-q-01","12.1"
"km5-q-02","12.1"
"km5-q-04","12.1"
"km5-q-51","12.1"
"ko7-g-02","7.1(1)"
"koc-dcn-301","12.1"
"koc-dcn-302","12.1"
"ks1-e-51","7.6(3a)"
"ks1-e-51_af.cfg","7.6(3a)"
"ks1-e-51_be.cfg","7.6(3a)"
"ks1-i-01","12.1"
"ks1-i-02","12.1"
"ks1-i-03","12.1"
"ks1-i-04","12.1"
"ks1-i-07","12.1"
"ks1-i-08","12.1"
"ks1-i-09","12.1"
"ks1-i-10","12.1"
"ks1-i-yobi","12.1"
"ks5-g-01","7.1(1)"
"kt6-e-01","7.6(3a)"
"kt6-i-01","12.1"
"kt6-i-yobi","12.1"
"kt6-m-51","12.1"
"kt6-m-52","12.1"
"ku2-e-51","7.6(3a)"
"ku2-e-51_af.cfg","7.6(3a)"
"ku2-e-51_be.cfg","7.6(3a)"
"ku2-e-52","7.6(3a)"
"ku2-e-53","7.6(3a)"
"ku2-e-54","7.6(3a)"
"ku2-i-01","12.1"
"ku2-i-02","12.1"
"ku2-i-03","12.1"
"ku2-i-04","12.1"
"ku2-i-05","12.1"
"ku2-i-06","12.1"
"ku2-i-08","12.1"
"ku2-i-11","12.1"
"ku2-i-12","12.1"
"ku2-i-13","12.1"
"ku2-i-14","12.1"
"ku2-i-yobi","12.1"
"ku2-m-51","12.1"
"ku2-m-52","12.1"
"ku2-m-53","12.1"
"ku2-m-54","12.1"
"ku2-m-55","12.1"
"ku2-m-57","12.1"
"ku2-m-58","12.1"
"kyo-dcn-301","12.1"
"kyo-dcn-yobi","12.1"
"kyo07-aea-101","12.1"
"kyo07-aea-102","12.1"
"kyo07-aea-103","12.1"
"kyo07-aea-104","12.1"
"kyo07-aea-151","12.1"
"kyo07-aea-152","12.1"
"kyo07-aem-101","12.1"
"kyo07-aem-103","12.1"
"kyo07-art-101","12.1"
"mas-dcn-301","12.1"
"mas-dcn-302","12.1"
"mas-dcn-yobi02","12.1"
"mas-dcn-yobi","12.1"
"mas-iea-101","12.1"
"mas-iea-yb1","12.1"
"mas03-aea-101","12.1"
"mas03-aea-102","12.1"
"mas03-aea-103","12.1"
"mas03-aea-104","12.1"
"mas03-aea-105","12.1"
"mas03-aea-151","12.1"
"mas03-aea-152","12.1"
"mas03-aem-101","12.1"
"mas03-aem-103","12.1"
"mas03-art-101","12.1"
"mas04-aea-101","12.1"
"mas04-aea-102","12.1"
"mas04-aea-103","12.1"
"mas04-aea-104","12.1"
"mas04-aea-151","12.1"
"mas04-aea-152","12.1"
"mas04-art-101","12.1"
"miy-dcn-301","12.1"
"miy-dcn-302","12.1"
"mu1-g-01","12.1"
"mu1-g-01yobi","12.1"
"mu1-g-02","12.1"
"mu1-g-02yobi","12.1"
"my4-g-02","7.1(1)"
"na4-e-01","7.6(3a)"
"na4-e-02","7.6(3a)"
"na4-e-02_af.cfg","7.6(3a)"
"na4-e-02_be.cfg","7.6(3a)"
"na4-e-03","7.6(3a)"
"na4-e-04","7.6(3a)"
"na4-e-05","7.6(3a)"
"na4-e-06","7.6(3a)"
"na4-i-01","12.1"
"na4-i-02","12.1"
"na4-i-03","12.1"
"na4-i-04","12.1"
"na4-i-07","12.1"
"na4-i-08","12.1"
"na4-i-09","12.1"
"na4-i-10","12.1"
"na4-i-11","12.1"
"na4-i-12","12.1"
"na4-i-13","12.1"
"na4-i-14","12.1"
"na4-i-15","12.1"
"na4-i-17","12.1"
"na4-i-18","12.1"
"na4-i-21","12.1"
"na4-i-yobi","12.1"
"na4-m-51","12.1"
"na4-m-52","12.1"
"na4-m-53","12.1"
"na4-m-54","12.1"
"na4-m-55","12.1"
"na4-m-58","12.1"
"na4-m-59","12.1"
"na4-m-61","12.1"
"na4-m-62","12.1"
"na4-m-63","12.1"
"na4-q-01","12.1"
"na4-q-02","12.1"
"na4-q-03","12.1"
"na4-q-04","12.1"
"na4-q-05","12.1"
"na4-q-06","12.1"
"na4-q-07","12.1"
"na4-q-08","12.1"
"na4-q-51","12.1"
"nan-dcn-301","12.1"
"nan-dcn-yobi","12.1"
"nar-dcn-301","12.1"
"nar-dcn-302","12.1"
"nd5-g-02","7.1(1)"
"ng3-g-01","7.1(1)"
"nm3-i-yobi","12.1"
"nm3-m-51","12.1"
"nm3-m-52","12.1"
"ns3-g-01","7.1(1)"
"ns4-g-01","7.1(1)"
"ns4-g-02","7.1(1)"
"ns4-g-03","12.1"
"ns4-g-03yobi","12.1"
"oh1-e-51","7.6(3a)"
"oh1-e-52","7.6(3a)"
"oh1-e-52_af.cfg","7.6(3a)"
"oh1-e-52_be.cfg","7.6(3a)"
"oh1-e-53","7.6(3a)"
"oh1-e-53_af.cfg","7.6(3a)"
"oh1-e-53_af1.cfg","7.6(3a)"
"oh1-e-53_be.cfg","7.6(3a)"
"oh1-e-54","7.6(3a)"
"oh1-e-54_af.cfg","7.6(3a)"
"oh1-e-54_be.cfg","7.6(3a)"
"oh1-e-55","7.6(3a)"
"oh1-e-55_af.cfg","7.6(3a)"
"oh1-e-55_be.cfg","7.6(3a)"
"oh1-e-56","7.6(3a)"
"oh1-e-56_af.cfg","7.6(3a)"
"oh1-e-56_be.cfg","7.6(3a)"
"oh1-e-57","7.6(3a)"
"oh1-e-57_af.cfg","7.6(3a)"
"oh1-e-57_be.cfg","7.6(3a)"
"oh1-e-58","7.6(3a)"
"oh1-e-58_af.cfg","7.6(3a)"
"oh1-e-58_be.cfg","7.6(3a)"
"oh1-e-59","7.6(3a)"
"oh1-e-59_af.cfg","7.6(3a)"
"oh1-e-59_be.cfg","7.6(3a)"
"oh1-e-60","7.6(3a)"
"oh1-e-60_af.cfg","7.6(3a)"
"oh1-e-60_be.cfg","7.6(3a)"
"oh1-e-61","7.6(3a)"
"oh1-e-62","7.6(3a)"
"oh1-e-63","7.6(3a)"
"oh1-e-64","7.6(3a)"
"oh1-e-64_af.cfg","7.6(3a)"
"oh1-e-64_be.cfg","7.6(3a)"
"oh1-e-65","7.6(3a)"
"oh1-f-01","12.1"
"oh1-f-02","12.1"
"oh1-i-01","12.1"
"oh1-i-02","12.1"
"oh1-i-03","12.1"
"oh1-i-04","12.1"
"oh1-i-05","12.1"
"oh1-i-06","12.1"
"oh1-i-07","12.1"
"oh1-i-08","12.1"
"oh1-i-09","12.1"
"oh1-i-10","12.1"
"oh1-i-11","12.1"
"oh1-i-12","12.1"
"oh1-i-13","12.1"
"oh1-i-14","12.1"
"oh1-i-17","12.1"
"oh1-i-18","12.1"
"oh1-i-19","12.1"
"oh1-i-20","12.1"
"oh1-i-21","12.1"
"oh1-i-22","12.1"
"oh1-i-23","12.1"
"oh1-i-24","12.1"
"oh1-i-26","12.1"
"oh1-i-27","12.1"
"oh1-i-28","12.1"
"oh1-i-29","12.1"
"oh1-i-30","12.1"
"oh1-i-31","12.1"
"oh1-i-33","12.1"
"oh1-i-34","12.1"
"oh1-i-35","12.1"
"oh1-i-36","12.1"
"oh1-i-37","12.1"
"oh1-i-39","12.1"
"oh1-i-40","12.1"
"oh1-i-41","12.1"
"oh1-i-44","12.1"
"oh1-i-45","12.1"
"oh1-i-46","12.1"
"oh1-i-47","12.1"
"oh1-i-48","12.1"
"oh1-i-49","12.1"
"oh1-i-50","12.1"
"oh1-i-51","12.1"
"oh1-i-52","12.1"
"oh1-i-53","12.1"
"oh1-i-58","12.1"
"oh1-i-59","12.1"
"oh1-i-60","12.1"
"oh1-i-61","12.1"
"oh1-i-62","12.1"
"oh1-i-63","12.1"
"oh1-i-p1","12.1"
"oh1-i-p2","12.1"
"oh1-i-yobi","12.1"
"oh1-m-07","12.1"
"oh1-m-07yobi","12.1"
"oh1-m-08","12.1"
"oh1-m-08yobi","12.1"
"oh1-m-09","12.1"
"oh1-m-09yobi","12.1"
"oh1-m-10","12.1"
"oh1-m-10yobi","12.1"
"oh1-m-51","12.1"
"oh1-m-52","12.1"
"oh1-m-53","12.1"
"oh1-m-54","12.1"
"oh1-m-55","12.1"
"oh1-m-57","12.1"
"oh1-m-58","12.1"
"oh1-m-60","12.1"
"oh1-m-61","12.1"
"oh1-m-62","12.1"
"oh1-m-63","12.1"
"oh1-q-01","12.1"
"oh1-q-02","12.1"
"oh1-q-03","12.1"
"oh1-q-04","12.1"
"oh1-q-05","12.1"
"oh1-q-07","12.1"
"oh1-q-08","12.1"
"oh1-q-09","12.1"
"oh1-q-10","12.1"
"oh1-q-11","12.1"
"oh1-q-12","12.1"
"oh1-q-13","12.1"
"oh1-q-15","12.1"
"oh1-q-16","12.1"
"oh1-q-17","12.1"
"oh1-q-18","12.1"
"oh1-q-19","12.1"
"oh1-q-20","12.1"
"oh1-q-21","12.1"
"oh1-q-51","12.1"
"oj7-i-yobi","12.1"
"oj7-m-51","12.1"
"ok5-g-01","12.1"
"ok5-g-01yobi","12.1"
"ok5-g-02","12.1"
"ok5-g-02yobi","12.1"
"on6-i-01","12.1"
"on6-i-yobi","12.1"
"on6-m-51","12.1"
"osk-dcn-301","12.1"
"osk-dcn-yobi","12.1"
"osk07-aea-151","12.1"
"osk07-aea-152","12.1"
"osk07-aea-153","12.1"
"osk07-aea-165","12.1"
"osk07-aea-166","12.1"
"osk07-aem-101","12.1"
"osk07-aem-103","12.1"
"osk07-aev-101","12.1"
"osk07-aev-102","12.2"
"osk07-art-101","12.1"
"ote-dcn-301","12.1"
"ote-dcn-302","12.1"
"ote-dcn-303","12.1"
"ote-dcn-304","12.1"
"ote-iea-101","12.1"
"ote-iea-102","12.1"
"ote-iea-103","12.1"
"ote-iea-104","12.1"
"ote-iea-yb2","12.1"
"ote03-aea-101","12.1"
"ote03-aea-102","12.1"
"ote03-aea-103","12.1"
"ote03-aea-104","12.1"
"ote03-aea-151","12.1"
"ote03-aea-152","12.1"
"ote03-aea-201","12.1"
"ote03-aea-251","12.1"
"ote03-aea-255","12.1"
"ote03-aea-256","12.1"
"ote03-aea-2p1","12.1"
"ote03-aea-9p1","12.1"
"ote03-aem-101","12.1"
"ote03-aem-201","12.1"
"ote03-aem-203","12.1"
"ote03-aev-101","12.1"
"ote03-aev-102","12.1"
"ote03-aev-201","12.1"
"ote03-art-101","12.1"
"ote11-aea-101","12.1"
"ote11-aea-102","12.1"
"ote11-aea-yb1","12.1"
"oy7-g-02","7.1(1)"
"sa8-g-01","7.1(1)"
"sa8-g-02","12.1"
"sa8-g-02yobi","12.1"
"sai-dcn-301","12.1"
"sai-dcn-yobi","12.1"
"sai03-aea-151","12.1"
"sai03-aea-152","12.1"
"sai03-aem-101","12.1"
"sai03-aem-103","12.1"
"sai03-art-101","12.1"
"sak-dcn-301","12.1"
"sak-dcn-302","12.1"
"sap-dcn-301","12.1"
"sap-dcn-yobi","12.1"
"sap-iea-101","12.1"
"sap-iea-102","12.1"
"sap-iea-yb1","12.1"
"sap-spr-p11","12.1"
"sap-spr-p12","12.1"
"sap-spr-yobi01","12.1"
"sap01-aea-101","12.1"
"sap01-aea-102","12.1"
"sap01-aea-103","12.1"
"sap01-aea-104","12.1"
"sap01-aea-105","12.1"
"sap01-aea-151","12.1"
"sap01-aea-152","12.1"
"sap01-aem-101","12.1"
"sap01-aem-103","12.1"
"sap01-art-101","12.1"
"sd4-g-01","7.1(1)"
"sek-dcn-301","12.1"
"sek-dcn-yobi","12.1"
"sh1-e-52","7.6(3a)"
"sh1-e-53","7.6(3a)"
"sh1-i-51","12.1"
"sh1-i-yobi","12.1"
"sh1-m-01","12.1"
"sh1-m-01yobi","12.1"
"sh1-m-51","12.1"
"sh1-m-52","12.1"
"sh1-m-53","12.1"
"sir-dcn-301","12.1"
"sir-dcn-302","12.1"
"sir-dcn-303","12.1"
"sir-dcn-304","12.1"
"sir-spr-p11","12.1"
"sir-spr-p12","12.1"
"sir-spr-p21","12.1"
"sir-spr-p22","12.1"
"sir-spr-yobi01","12.1"
"sir03-aea-101","12.1"
"sir03-aea-102","12.1"
"sir03-aea-103","12.1"
"sir03-aea-104","12.1"
"sir03-aea-105","12.1"
"sir03-aea-106","12.1"
"sir03-art-101","12.1"
"sk4-i-yobi","12.1"
"sk4-m-52","12.1"
"sk4-m-53","12.1"
"sk4-m-54","12.1"
"sk4-m-55","12.1"
"sm4-e-01","7.6(3a)"
"sm6-g-02","7.1(1)"
"sn8-e-01","7.6(3a)"
"sn8-e-02","7.6(3a)"
"sn8-e-03","7.6(3a)"
"sn8-e-04","7.6(3a)"
"sn8-i-01","12.1"
"sn8-i-02","12.1"
"sn8-i-03","12.1"
"sn8-i-04","12.1"
"sn8-i-05","12.1"
"sn8-i-06","12.1"
"sn8-i-yobi","12.1"
"sn8-m-51","12.1"
"sn8-m-52","12.1"
"sn8-m-53","12.1"
"sn8-m-54","12.1"
"sn8-m-55","12.1"
"sn8-m-56","12.1"
"sn8-m-57","12.1"
"sn8-m-58","12.1"
"sn8-m-59","12.1"
"sn8-q-01","12.1"
"sn8-q-02","12.1"
"sn8-q-03","12.1"
"sn8-q-04","12.1"
"sn8-q-51","12.1"
"so5-g-02","7.1(1)"
"ss2-g-01","7.1(1)"
"ss2-g-02","7.1(1)"
"st7-g-02","7.1(1)"
"st8-e-01","7.6(3a)"
"st8-e-03","7.6(3a)"
"st8-i-02","12.1"
"st8-i-03","12.1"
"st8-i-04","12.1"
"st8-i-06","12.1"
"st8-i-yobi","12.1"
"st8-m-53","12.1"
"st8-m-54","12.1"
"st8-m-55","12.1"
"st8-m-57","12.1"
"st8-m-59","12.1"
"st8-m-60","12.1"
"st8-q-04","12.1"
"st8-q-05","12.1"
"tac-dcn-301","12.1"
"tac-dcn-yobi","12.1"
"tac03-aea-101","12.1"
"tac03-aea-102","12.1"
"tac03-aea-103","12.1"
"tac03-aea-104","12.1"
"tac03-aea-151","12.1"
"tac03-aea-152","12.1"
"tac03-art-101","12.1"
"tak-dcn-301","12.1"
"tak-dcn-yobi","12.1"
"tb1-e-51","7.6(3a)"
"tb1-e-51_af.cfg","7.6(3a)"
"tb1-e-51_be.cfg","7.6(3a)"
"tb1-e-52","7.6(3a)"
"tb1-e-53","7.6(3a)"
"tb1-e-54","7.6(3a)"
"tb1-e-54_af.cfg","7.6(3a)"
"tb1-e-54_be.cfg","7.6(3a)"
"tb1-i-01","12.1"
"tb1-i-02","12.1"
"tb1-i-03","12.1"
"tb1-i-04","12.1"
"tb1-i-05","12.1"
"tb1-i-yobi","12.1"
"tb1-q-02","12.1"
"tb1-q-03","12.1"
"tb1-q-04","12.1"
"tb1-q-05","12.1"
"ten-dcn-301","12.1"
"ten-dcn-yobi","12.1"
"ten-iea-101","12.1"
"ten-iea-yb1","12.1"
"ten10-aea-101","12.1"
"ten10-aea-102","12.1"
"ten10-aea-103","12.1"
"ten10-aea-104","12.1"
"ten10-aea-105","12.1"
"ten10-aea-106","12.1"
"ten10-aea-107","12.1"
"ten10-aea-151","12.1"
"ten10-aea-152","12.1"
"ten10-aea-155","12.1"
"ten10-aem-101","12.1"
"ten10-aem-103","12.1"
"ten10-aem-105","12.1"
"ten10-art-101","12.1"
"ts1-g-01","12.1"
"ts1-g-01yobi","12.1"
"ts6-g-02","7.1(1)"
"tt6-g-02","7.1(1)"
"tu2-g-01","7.1(1)"
"tut-dcn-301","12.1"
"tut-dcn-yobi","12.1"
"tut-iea-101","12.1"
"tut-iea-yb1","12.1"
"tut-spr-p11","12.1"
"tut-spr-p12","12.1"
"tut-spr-yobi01","12.1"
"tut02-aea-101","12.1"
"tut02-aea-102","12.1"
"tut02-aea-103","12.1"
"tut02-aea-104","12.1"
"tut02-aea-105","12.1"
"tut02-aea-106","12.1"
"tut02-aea-151","12.1"
"tut02-aea-152","12.1"
"tut02-aem-101","12.1"
"tut02-aem-103","12.1"
"tut02-art-101","12.1"
"y","7.6(3a)"
"yi8-g-01","7.1(1)"
"yn2-e-51","7.6(3a)"
"yn2-e-51_af.cfg","7.6(3a)"
"yn2-e-51_be.cfg","7.6(3a)"
"yn2-e-52","7.6(3a)"
"yn2-e-52_af.cfg","7.6(3a)"
"yn2-e-52_be.cfg","7.6(3a)"
"yn2-e-53","7.6(3a)"
"yn2-e-54","7.6(3a)"
"yn2-e-55","7.6(3a)"
"yn2-i-01","12.1"
"yn2-i-02","12.1"
"yn2-i-03","12.1"
"yn2-i-04","12.1"
"yn2-i-05","12.1"
"yn2-i-06","12.1"
"yn2-i-07","12.1"
"yn2-i-08","12.1"
"yn2-i-09","12.1"
"yn2-i-10","12.1"
"yn2-i-11","12.1"
"yn2-i-12","12.1"
"yn2-i-13","12.1"
"yn2-i-14","12.1"
"yn2-i-15","12.1"
"yn2-i-16","12.1"
"yn2-i-yobi","12.1"
"yn2-m-51","12.1"
"yn2-m-52","12.1"
"yn2-m-53","12.1"
"yn2-m-54","12.1"
"yn2-m-55","12.1"
"yn2-m-57","12.1"
"yn2-m-58","12.1"
"yn2-q-02","12.1"
"yn2-q-03","12.1"
"yn2-q-04","12.1"
"yn2-q-05","12.1"
"yn2-q-06","12.1"
"yn2-q-07","12.1"
"yn2-q-08","12.1"
"yn2-q-09","12.1"
"yn2-q-51","12.1"
"yon-dcn-301","12.1"
"yon-dcn-yobi","12.1"
"yon03-aea-101","12.1"
"yon03-aea-102","12.1"
"yon03-aea-103","12.1"
"yon03-aea-104","12.1"
"yon03-aea-151","12.1"
"yon03-aea-152","12.1"
"yon03-aea-153","12.1"
"yon03-aea-154","12.1"
"yon03-aem-101","12.1"
"yon03-aem-103","12.1"
"yon03-art-101","12.1"
"ys6-m-61","12.1"
"ys6-m-6x_yobi","12.1"
"yy2-e-51","7.6(3a)"
"aj5-i-12","1.07.26"
"aj5-i-13","1.07.26"
"aj5-i-14v","1.07.26"
"aj5-i-15v","1.07.26"
"aj5-i-16","2.01.25"
"aj5-i-17","2.01.25"
"aj5-i-18","2.01.25"
"aj5-i-19","2.01.25"
"aj5-i-20","2.01.25"
"aj5-i-21","2.01.25"
"aj5-i-22","2.01.25"
"aj5-i-23","2.01.25"
"aj5-i-24","2.01.25"
"aj5-i-701","1.07.26"
"aj5-i-702","2.01.25"
"aj5-i-79","1.07.26"
"aj5-i-88","1.07.26"
"aj5-i-89","1.07.26"
"aj5-i-92","1.07.26"
"aj5-i-93","1.07.26"
"aj5-i-94","2.01.25"
"aj5-i-yobi01","2.01.25"
"aj5-m-31","1.08.175"
"aj5-m-31","1.08.175"
"aj5-m-32","1.08.175"
"aj5-m-32","1.08.175"
"aj5-m-56","1.07.26"
"aj5-m-57","2.01.25"
"aj5-m-76","1.07.26"
"aj5-m-77","1.07.26"
"aj5-q-31","1.07.26"
"aj5-q-32","1.07.26"
"aj5-q-41","1.07.26"
"aj5-q-42","1.07.26"
"aj5-q-61","1.07.26"
"aj5-q-62","1.07.26"
"aom02-nis-101","1.08.175"
"atu-ias-a01","1.08.175"
"atu-ias-a02","1.08.175"
"atu-ias-b01","1.08.175"
"atu-ias-b02","1.08.175"
"atu05-aas-a01","1.08.175"
"atu05-aas-b01","1.08.175"
"atu05-aea-153","1.07.26"
"atu05-aea-154","1.07.26"
"atu05-aea-157","1.07.26"
"atu05-aea-159","1.07.26"
"atu05-aea-160","1.07.26"
"atu05-aea-161v","1.07.26"
"atu05-aea-yb1","1.07.26"
"atu05-aes-101","1.08.175"
"atu05-aes-102","1.08.175"
"atu05-aes-103","1.08.175"
"atu05-aes-104","1.08.175"
"atu05-aes-105","1.08.175"
"atu05-aes-106","1.08.175"
"atu05-azs-a01","1.08.175"
"atu05-azs-b01","1.08.175"
"atu05-ees-101","1.08.175"
"atu05-ees-102","1.08.175"
"atu05-ees-152","1.08.175"
"atu05-ees-yb1","1.08.175"
"atu05-ezs-a01","1.08.175"
"atu05-ezs-b01","1.08.175"
"awa-ias-a01","1.08.175"
"awa-ias-a02","1.08.175"
"awa-ias-b01","1.08.175"
"awa-ias-b02","1.08.175"
"awa-iea-107","1.07.26"
"awa-ies-102","1.08.175"
"awa-ies-104","1.08.175"
"awa-ies-107","1.08.175"
"awa-ies-yb2","1.08.175"
"awa06-aea-153","1.07.26"
"awa06-aea-155","1.07.26"
"awa06-aea-156","1.07.26"
"awa06-aea-157","1.07.26"
"awa06-aea-159","2.01.25"
"awa06-aes-101","1.08.175"
"awa06-aes-102","1.08.175"
"awa06-aes-103","1.08.175"
"awa06-aes-105","1.08.175"
"awa06-aes-106","1.08.175"
"awa06-aes-107","1.08.175"
"awa06-azs-a01","1.08.175"
"awa06-azs-b01","1.08.175"
"awa06-ees-101","1.08.175"
"awa06-ees-101","1.08.175"
"awa06-ees-102","1.08.175"
"awa06-ees-103","1.08.175"
"awa06-ees-104","1.08.175"
"awa06-ees-151","1.08.175"
"awa06-ezs-a01","1.08.175"
"awa06-ezs-a01","1.08.175"
"awa06-ezs-b01","1.08.175"
"awa06-ezs-b01","1.08.175"
"awa07-aad-a01","1.08.175"
"awa07-aad-b01","1.08.175"
"awa07-aas-a01","1.08.175"
"awa07-aas-b01","1.08.175"
"awa07-aea-106","1.07.26"
"awa07-aea-107","1.07.26"
"awa07-aea-155","1.07.26"
"awa07-aea-156","1.07.26"
"awa07-aea-157","1.07.26"
"awa07-aea-158","1.07.26"
"awa07-aea-159","1.07.26"
"awa07-aea-160","1.07.26"
"awa07-aea-161","1.07.26"
"awa07-aea-162","1.07.26"
"awa07-aea-163","1.07.26"
"awa07-aea-164v","1.07.26"
"awa07-aea-165","1.07.26"
"awa07-aea-166","1.07.26"
"awa07-aea-167","1.07.26"
"awa07-aea-168","2.01.25"
"awa07-aea-169v","1.07.26"
"awa07-aea-yb1","1.07.26"
"awa07-aes-101","1.08.175"
"awa07-aes-102","1.08.175"
"awa07-aes-105","1.08.175"
"awa07-aes-106","1.08.175"
"awa07-aes-107","1.08.175"
"awa07-aes-108","1.08.175"
"awa07-aes-109","1.08.175"
"awa07-aes-110","1.08.175"
"awa07-aev-101","2.01.25"
"awa07-azd-b01","1.08.175"
"awa07-azs-b01","1.08.175"
"awa07-bbs-a01","2.05.74"
"awa07-eas-a01","1.08.175"
"awa07-eas-b01","1.08.175"
"awa07-ees-101","1.08.175"
"awa07-ees-102","1.08.175"
"awa07-ees-103","1.08.175"
"awa07-ees-104","1.08.175"
"awa07-ees-yb1","1.08.175"
"awa07-ezs-a01","1.08.175"
"awa07-ezs-a02","3.03.20"
"awa09-aea-105","1.07.26"
"awa09-aea-153","1.07.26"
"awa09-aea-154","1.07.26"
"awa09-aea-155","1.07.26"
"awa09-aea-156","1.07.26"
"awa09-aea-157","1.07.26"
"awa09-aea-159v","1.07.26"
"awa09-aes-101","1.08.175"
"awa09-aes-102","1.08.175"
"awa09-aes-103","1.08.175"
"awa09-aes-105","1.08.175"
"awa09-aes-106","1.08.175"
"awa09-aes-107","1.08.175"
"awa09-azs-a01","1.08.175"
"awa09-azs-b01","1.08.175"
"awa09-ees-101","1.08.175"
"awa09-ees-102","1.08.175"
"awa09-ees-103","1.08.175"
"awa09-ees-104","1.08.175"
"awa09-ees-151","1.08.175"
"awa09-ezs-a01","1.08.175"
"awa09-ezs-b01","1.08.175"
"chb03-aas-a01","1.08.175"
"chb03-aas-b01","1.08.175"
"chb03-aea-105","2.01.25"
"chb03-aea-153","1.07.26"
"chb03-aea-154","1.07.26"
"chb03-aea-155","1.07.26"
"chb03-aea-156","1.07.26"
"chb03-aea-157","1.07.26"
"chb03-aea-yb1","1.07.26"
"chb03-aes-101","1.08.175"
"chb03-aes-102","1.08.175"
"chb03-aes-103","1.08.175"
"chb03-aes-104","1.08.175"
"chb03-aes-105","1.08.175"
"chb03-aes-106","1.08.175"
"chb03-ces-101","1.08.85"
"chb03-eas-a01","1.08.175"
"chb03-eas-b01","1.08.175"
"chb03-ees-101","1.08.175"
"chb03-ees-102","1.08.175"
"chb03-ees-103","1.08.175"
"chb03-ees-151","1.08.175"
"chb03-ees-152","1.08.175"
"chb03-ees-yb1","1.08.175"
"chb05-nis-101","1.08.175"
"chu-ias-a01","1.08.175"
"chu-ias-a02","1.08.175"
"chu-ias-b01","1.08.175"
"chu-ias-b02","1.08.175"
"chu-iea-103","1.07.26"
"chu-ies-101","1.08.175"
"chu-ies-102","1.08.175"
"chu-ies-yb1","1.08.175"
"chu08-aas-a01","3.02.45"
"chu08-aas-b01","3.02.45"
"chu08-aea-110","1.07.26"
"chu08-aea-153","1.07.26"
"chu08-aea-154","1.07.26"
"chu08-aea-156","1.07.26"
"chu08-aea-157","1.07.26"
"chu08-aea-158","1.07.26"
"chu08-aea-159","1.07.26"
"chu08-aea-161","1.07.26"
"chu08-aea-yb1","1.07.26"
"chu08-aee-a01","3.02.45"
"chu08-aee-b01","3.02.45"
"chu08-aes-101","1.08.175"
"chu08-aes-102","1.08.175"
"chu08-aes-103","1.08.175"
"chu08-aes-104","1.08.175"
"chu08-aes-105","1.08.175"
"chu08-aes-106","1.08.175"
"chu08-aes-107","1.08.175"
"chu08-aes-107","1.08.175"
"chu08-aes-108","1.08.175"
"chu08-aes-161","3.02.45"
"chu08-aes-162","3.02.45"
"chu08-azs-a01","1.08.175"
"chu08-azs-a01","1.08.175"
"chu08-azs-b01","1.08.175"
"chu08-azs-b01","1.08.175"
"chu08-bbs-a01","2.05.74"
"chu08-bbs-b01","2.05.74"
"chu08-eas-a01","1.08.175"
"chu08-eas-b01","1.08.175"
"chu08-eee-a01","3.02.45"
"chu08-eee-b01","3.02.45"
"chu08-ees-101","1.08.175"
"chu08-ees-102","1.08.175"
"chu08-ees-103","1.08.175"
"chu08-ees-104","1.08.175"
"chu08-ees-152","1.08.175"
"chu08-ees-161","3.02.45"
"chu08-ees-162","3.02.45"
"chu08-ees-yb1","1.08.175"
"chu08-ezs-a01","1.08.175"
"chu08-ezs-b01","1.08.175"
"chu08-nds-101","1.08.175"
"chu08-nds-102","1.08.175"
"chu08-nds-102","1.08.175"
"chu08-nds-103","1.08.175"
"chu08-nds-103","1.08.175"
"chu08-nis-101","1.08.175"
"chu08-nis-101","1.08.175"
"chu08-nrs-101","1.08.175"
"chu08-nrs-102","1.08.175"
"cm2-i-11","1.07.26"
"cm2-i-12","1.07.26"
"cm2-i-13","1.07.26"
"cm2-i-14","1.07.26"
"cm2-i-15","1.07.26"
"cm2-i-16","2.01.25"
"cm2-i-17","2.01.25"
"cm2-i-18","2.01.25"
"cm2-i-yobi01","2.01.25"
"cm2-m-31","1.08.175"
"cm2-m-32","1.08.175"
"cm2-m-58","1.07.26"
"cm2-m-59","1.07.26"
"cm2-m-60","1.07.26"
"cm2-m-61","2.01.25"
"cm2-m-62","2.01.25"
"cm2-q-41","1.07.26"
"cm2-q-42","1.07.26"
"cm2-x-101","1.08.01"
"cm2-x-102","1.08.01"
"cm2-x-11","3.00.04"
"cm2-x-12","3.00.04"
"cm2-x-ybxm","1.08.01"
"dai07-aas-a01","1.08.175"
"dai07-aas-a01","1.08.175"
"dai07-aas-a02","3.02.45"
"dai07-aas-b01","1.08.175"
"dai07-aas-b01","1.08.175"
"dai07-aas-b02","3.02.45"
"dai07-aea-153","1.07.26"
"dai07-aea-154","1.07.26"
"dai07-aea-155","2.01.25"
"dai07-aea-156","1.07.26"
"dai07-aea-157","1.07.26"
"dai07-aea-158","2.01.25"
"dai07-aea-yb1","1.07.26"
"dai07-aes-101","1.08.175"
"dai07-aes-102","1.08.175"
"dai07-aes-103","1.08.175"
"dai07-aes-104","1.08.175"
"dai07-aes-105","1.08.175"
"dai07-aes-105","1.08.175"
"dai07-aes-106","1.08.175"
"dai07-aes-261","3.02.45"
"dai07-aes-262","3.02.45"
"dai07-eas-a01","1.08.175"
"dai07-eas-a01","1.08.175"
"dai07-eas-a02","3.02.45"
"dai07-eas-b01","1.08.175"
"dai07-eas-b01","1.08.175"
"dai07-eas-b02","3.02.45"
"dai07-ees-101","1.08.175"
"dai07-ees-102","1.08.175"
"dai07-ees-102","1.08.175"
"dai07-ees-103","1.08.175"
"dai07-ees-104","1.08.175"
"dai07-ees-151","1.08.175"
"dai07-ees-152","1.08.175"
"dai07-ees-261","3.02.45"
"dai07-ees-262","3.02.45"
"dai07-ees-yb1","1.08.175"
"dai07-nis-101","1.08.175"
"dj5-i-11","1.07.26"
"dj5-i-14","1.07.26"
"dj5-i-15","1.07.26"
"dj5-i-16","2.01.25"
"dj5-i-17","2.01.25"
"dj5-i-18","2.01.25"
"dj5-i-19","2.01.25"
"dj5-i-20","2.01.25"
"dj5-i-21","2.01.25"
"dj5-i-22","2.01.25"
"dj5-i-501","1.08.175"
"dj5-i-502","1.08.175"
"dj5-m-31","1.08.175"
"dj5-m-31","1.08.175"
"dj5-m-32","1.08.175"
"dj5-m-63","1.07.26"
"dj5-m-64","1.07.26"
"dj5-m-65","1.07.26"
"dj5-m-66","2.01.25"
"eacai101awa-ev1.txt","2.01.25"
"eacai101karaga-ev1.txt","2.01.25"
"eacai102awa-ev1.txt","2.01.25"
"eacai102karaga-ev1.txt","2.01.25"
"eacai201awa-ev2.txt","2.01.25"
"eacai201karaga-ev2.txt","2.01.25"
"eacai202awa-ev2.txt","2.01.25"
"eacai202karaga-ev2.txt","2.01.25"
"em6-m-31","1.08.175"
"em6-m-31","1.08.175"
"em6-m-3x_yobi","1.08.175"
"fh8-m-31","1.08.175"
"ft7-i-12","1.07.26"
"ft7-i-13","1.07.26"
"ft7-i-14","1.07.26"
"ft7-i-15","1.07.26"
"ft7-i-16","2.01.25"
"ft7-i-17","2.01.25"
"ft7-i-18","2.01.25"
"ft7-i-501","1.08.175"
"ft7-i-yobi01","2.01.25"
"ft7-m-31","1.08.175"
"ft7-m-31","1.08.175"
"ft7-m-32","1.08.175"
"ft7-m-62","1.07.26"
"ft7-m-63","1.07.26"
"ft7-m-64","1.07.26"
"ft7-m-65","1.07.26"
"ft7-m-66","1.07.26"
"ft7-m-67","2.01.25"
"ft7-m-68","2.01.25"
"ft7-m-69","2.01.25"
"ft7-q-41","1.07.26"
"ft7-q-42","1.07.26"
"ft7-x-09","1.02.04"
"ft7-x-10","1.02.04"
"ft7-x-11","1.02.04"
"ft7-x-12","1.02.04"
"ft7-x-13","1.02.04"
"ft7-x-14","1.02.04"
"ft7-x-15","1.03.00"
"ft7-x-16","1.03.00"
"fuh-ies-101","1.08.175"
"fuh-igs-101","1.08.175"
"fuh-igs-yb1","1.08.175"
"fuh02-nis-101","1.08.175"
"fuk-igs-101","1.08.175"
"fuk-igs-102","1.08.175"
"fuk-igs-yb1","1.08.175"
"fun-igs-101","1.08.175"
"fun-igs-102","1.08.175"
"fun-igs-yb1","1.08.175"
"gif-igs-101","1.08.175"
"gif-igs-102","1.08.175"
"gif-igs-yb1","1.08.175"
"gs2-i-13","1.07.26"
"gs2-i-14","1.07.26"
"gs2-i-15","1.07.26"
"gs2-i-16","1.07.26"
"gs2-i-17","1.07.26"
"gs2-i-18","1.07.26"
"gs2-i-19","2.01.25"
"gs2-i-20","2.01.25"
"gs2-i-77","1.07.26"
"gs2-i-78","1.07.26"
"gs2-i-79","2.01.25"
"gs2-i-yobi01","2.01.25"
"gs2-m-31","1.08.175"
"gs2-m-32","1.08.175"
"gs2-m-57","1.07.26"
"gs2-m-58","1.07.26"
"gs2-m-59","1.07.26"
"gs2-q-41","1.07.26"
"gs2-q-42","1.07.26"
"gs2-q-61","1.07.26"
"gs2-q-62","1.07.26"
"his-igs-101","1.08.175"
"his-igs-102","1.08.175"
"his-igs-yb1","1.08.175"
"hm6-i-12","1.07.26"
"hm6-i-13","1.07.26"
"hm6-i-14","1.07.26"
"hm6-i-15","1.07.26"
"hm6-i-16","2.01.25"
"hm6-i-17","2.01.25"
"hm6-i-18","2.01.25"
"hm6-i-19","2.01.25"
"hm6-i-501","1.08.175"
"hm6-m-31","1.08.175"
"hm6-m-32","1.08.175"
"hm6-m-59","1.07.26"
"hm6-m-60","1.07.26"
"hm6-m-61","1.07.26"
"hm6-m-62","2.01.25"
"hm6-m-63","2.01.25"
"hm6-m-yobi01","2.01.25"
"hm6-q-41","1.07.26"
"hm6-q-42","1.07.26"
"hod-igs-101","1.08.175"
"hod-igs-102","1.08.175"
"hod-igs-yb1","1.08.175"
"iba-igs-101","1.08.175"
"iba-igs-102","1.08.175"
"iba-igs-501","1.04.06"
"iba-igs-502","1.04.06"
"iba-igs-yb1","1.08.175"
"iba-igs-yb5","1.04.06"
"ikb03-cgs-101","1.08.85"
"ima-igs-101","1.08.175"
"ima-igs-102","1.08.175"
"ima-igs-501","1.04.06"
"ima-igs-502","1.04.06"
"ima-igs-yb1","1.08.175"
"ima-igs-yb5","1.04.06"
"is5-m-31","1.08.175"
"is5-m-31","1.08.175"
"is5-m-3x_yobi","1.08.175"
"kam-igs-101","1.08.175"
"kam-igs-102","1.08.175"
"kam-igs-yb1","1.08.175"
"kan-igs-101","1.08.175"
"kan-igs-102","1.08.175"
"kan-igs-yb1","1.08.175"
"kar03-aad-b02","1.08.175"
"kar03-aad-b03","1.08.175"
"kar03-aas-a01","1.08.175"
"kar03-aas-b01","1.08.175"
"kar03-aea-151","1.07.26"
"kar03-aea-152","1.07.26"
"kar03-aea-153","1.07.26"
"kar03-aea-154","1.07.26"
"kar03-aea-155","1.07.26"
"kar03-aea-156","1.07.26"
"kar03-aea-157","2.01.25"
"kar03-aea-158","2.01.25"
"kar03-aea-yb1","1.07.26"
"kar03-aee-a01","3.02.45"
"kar03-aee-b01","3.02.45"
"kar03-aee-b01_af","3.02.45"
"kar03-aee-b01_be","3.02.45"
"kar03-aes-101","1.08.175"
"kar03-aes-102","1.08.175"
"kar03-aes-103","1.08.175"
"kar03-aes-104","1.08.175"
"kar03-aes-106","1.08.175"
"kar03-aev-105","2.01.25"
"kar03-aev-106","1.07.26"
"kar03-aev-108","1.07.26"
"kar03-aev-110","1.07.26"
"kar03-aev-112","2.01.25"
"kar03-aev-yb1","2.01.25"
"kar03-ass-b01","1.07.26"
"kar03-azd-b01","1.08.175"
"kar03-azs-b02","3.03.20"
"kar03-azs-b02","3.03.20"
"kar03-bbs-b01","2.05.74"
"kar03-eas-a01","1.08.175"
"kar03-eas-b01","1.08.175"
"kar03-eee-a01","3.02.45"
"kar03-eee-b01","3.02.45"
"kar03-eee-b01_af","3.02.45"
"kar03-eee-b01_be","3.02.45"
"kar03-ees-101","1.08.175"
"kar03-ees-102","1.08.175"
"kar03-ees-151","1.08.175"
"kar03-ees-yb1","1.08.175"
"kar03-ezs-b02","3.03.20"
"kar03-ezs-b02","3.03.20"
"kar03-nds-101","1.08.175"
"kar03-nds-102","1.08.175"
"kar03-nis-101","1.08.175"
"kar11-aee-a01","3.02.45"
"kar11-aee-b01","3.02.45"
"kar11-azs-b01","1.08.175"
"kch-igs-101","1.08.175"
"kch-igs-yb1","1.08.175"
"kd5-i-08","1.07.26"
"kd5-i-09","1.07.26"
"kd5-i-10","1.07.26"
"kd5-i-11","1.07.26"
"kd5-i-12","2.01.25"
"kd5-i-13","2.01.25"
"kd5-i-14","2.01.25"
"kd5-i-yobi01","2.01.25"
"kd5-m-31","1.08.175"
"kd5-m-32","1.08.175"
"kd5-m-59","1.07.26"
"kd5-m-60","1.07.26"
"kd5-m-61","1.07.26"
"kd5-m-62","2.01.25"
"kd5-m-63","2.01.25"
"kd5-q-41","1.07.26"
"kd5-q-42","1.07.26"
"km5-i-07","1.07.26"
"km5-i-08","1.07.26"
"km5-i-09","1.07.26"
"km5-i-10","1.07.26"
"km5-i-11","2.01.25"
"km5-i-12","2.01.25"
"km5-i-13","2.01.25"
"km5-i-14v","1.07.26"
"km5-i-yobi01","2.01.25"
"km5-m-31","1.08.175"
"km5-m-32","1.08.175"
"km5-m-62","1.07.26"
"km5-m-63","1.07.26"
"km5-m-64","2.01.25"
"km5-q-41","1.07.26"
"km5-q-42","1.07.26"
"kob-igs-101","1.08.175"
"kob-igs-102","1.08.175"
"kob-igs-yb1","1.08.175"
"koc-ies-101","1.08.175"
"kof-igs-101","1.08.175"
"kof-igs-102","1.08.175"
"kof-igs-yb1","1.08.175"
"kok-igs-101","1.08.175"
"kok-igs-102","1.08.175"
"kok-igs-501","1.04.06"
"kok-igs-502","1.04.06"
"kok-igs-yb1","1.08.175"
"kok-igs-yb5","1.04.06"
"ks1-i-11","1.07.26"
"ks1-i-12","1.07.26"
"ks1-i-13","2.01.25"
"ks1-i-14","2.01.25"
"kt6-m-31","1.08.175"
"kt6-m-3x_yobi","1.08.175"
"kto03-cgs-101","1.08.85"
"ku2-i-15","1.07.26"
"ku2-i-16","1.07.26"
"ku2-i-17","1.07.26"
"ku2-i-18","1.07.26"
"ku2-i-19","1.07.26"
"ku2-i-20","2.01.25"
"ku2-i-21","2.01.25"
"ku2-i-22","2.01.25"
"ku2-i-23","2.01.25"
"ku2-i-yobi01","2.01.25"
"ku2-m-31","1.08.175"
"ku2-m-32","1.08.175"
"ku2-m-59","1.07.26"
"ku2-m-60","1.07.26"
"ku2-m-61","1.07.26"
"ku2-m-62","2.01.25"
"kyo07-aas-a01","1.08.175"
"kyo07-aas-b01","1.08.175"
"kyo07-aea-153","1.07.26"
"kyo07-aea-154","1.07.26"
"kyo07-aea-155","1.07.26"
"kyo07-aea-156","1.07.26"
"kyo07-aea-yb1","1.07.26"
"kyo07-aes-101","1.08.175"
"kyo07-aes-102","1.08.175"
"kyo07-aes-103","1.08.175"
"kyo07-aes-104","1.08.175"
"kyo07-aes-105","1.08.175"
"kyo07-aes-106","1.08.175"
"kyo07-eas-a01","1.08.175"
"kyo07-eas-b01","1.08.175"
"kyo07-ees-101","1.08.175"
"kyo07-ees-102","1.08.175"
"kyo07-ees-103","1.08.175"
"kyo07-ees-151","1.08.175"
"kyo07-ees-yb1","1.08.175"
"kyo07-nis-101","1.08.175"
"kys-igs-101","1.08.175"
"kys-igs-102","1.08.175"
"kys-igs-yb1","1.08.175"
"mas-ias-a01","1.08.175"
"mas-ias-a02","1.08.175"
"mas-ias-a03","1.08.175"
"mas-ias-a04","1.08.175"
"mas-ias-b01","1.08.175"
"mas-ias-b02","1.08.175"
"mas-ias-b03","1.08.175"
"mas-ias-b04","1.08.175"
"mas03-aas-a01","1.08.175"
"mas03-aas-a02","3.02.45"
"mas03-aas-b01","1.08.175"
"mas03-aas-b02","3.02.45"
"mas03-aea-153","1.07.26"
"mas03-aea-154","1.07.26"
"mas03-aea-155","1.07.26"
"mas03-aea-156","1.07.26"
"mas03-aea-158","1.07.26"
"mas03-aea-159","1.07.26"
"mas03-aea-161","1.07.26"
"mas03-aea-163v","1.07.26"
"mas03-aea-yb1","1.07.26"
"mas03-aes-101","1.08.175"
"mas03-aes-102","1.08.175"
"mas03-aes-103","1.08.175"
"mas03-aes-104","1.08.175"
"mas03-aes-105","1.08.175"
"mas03-aes-106","1.08.175"
"mas03-aes-261","3.02.45"
"mas03-aes-262","3.02.45"
"mas03-ars-b01","3.03.20"
"mas03-bbs-a01","2.05.74"
"mas03-bbs-b01","2.05.74"
"mas03-brs-b01","2.05.74"
"mas03-eas-a01","1.08.175"
"mas03-eas-b01","1.08.175"
"mas03-ees-101","1.08.175"
"mas03-ees-102","1.08.175"
"mas03-ees-151","1.08.175"
"mas03-ees-161","3.02.45"
"mas03-ees-162","3.02.45"
"mas03-ees-yb1","1.08.175"
"mas03-ess-b01","1.08.175"
"mas03-nds-101","1.08.175"
"mas03-nds-101","1.08.175"
"mas03-nds-201","1.08.175"
"mas03-nds-361","3.02.15"
"mas03-nds-361","3.02.15"
"mas04-aas-a01","3.02.45"
"mas04-aas-b01","3.02.45"
"mas04-aea-105","2.01.25"
"mas04-aea-153","1.07.26"
"mas04-aea-154","1.07.26"
"mas04-aea-155","1.07.26"
"mas04-aee-a01","3.02.45"
"mas04-aee-b01","3.02.45"
"mas04-aes-101","1.08.175"
"mas04-aes-102","1.08.175"
"mas04-aes-105","1.08.175"
"mas04-aes-106","1.08.175"
"mas04-aes-161","3.02.45"
"mas04-aes-162","3.02.45"
"mas04-azs-a01","1.08.175"
"mas04-azs-b01","1.08.175"
"mas04-eee-a01","3.02.45"
"mas04-eee-b01","3.02.45"
"mas04-ees-101","1.08.175"
"mas04-ees-101","1.08.175"
"mas04-ees-102","1.08.175"
"mas04-ees-151","1.08.175"
"mas04-ees-161","3.02.45"
"mas04-ees-162","3.02.45"
"mas04-ezs-a01","1.08.175"
"mas04-ezs-a01","1.08.175"
"mas04-ezs-b01","1.08.175"
"mas04-ezs-b01","1.08.175"
"mas05-nds-101","1.08.175"
"mas05-nis-101","1.08.175"
"mas05-nrs-101","1.08.175"
"mas05-nrs-102","1.08.175"
"mas11-aas-a01","1.08.175"
"mas11-aas-b01","1.08.175"
"mas11-aes-102","1.08.175"
"mas11-ees-102","1.08.175"
"mas11-ezs-a01","1.08.175"
"mas11-ezs-b01","1.08.175"
"mei05-nis-101","1.08.175"
"mit05-nis-101","1.08.175"
"miy-ies-101","1.08.175"
"mor-ies-101","1.08.175"
"mor02-nis-101","1.08.175"
"mrn-igs-101","1.08.175"
"mrn-igs-yb1","1.08.175"
"mte-igs-101","1.08.175"
"mte-igs-102","1.08.175"
"mte-igs-yb1","1.08.175"
"mts-igs-101","1.08.175"
"mts-igs-102","1.08.175"
"mts-igs-yb1","1.08.175"
"mze-igs-101","1.08.175"
"mze-igs-yb1","1.08.175"
"na4-i-19","1.07.26"
"na4-i-20","1.07.26"
"na4-i-22","2.01.25"
"na4-i-23","2.01.25"
"na4-i-yobi01","2.01.25"
"na4-m-31","1.08.175"
"na4-q-41","1.07.26"
"na4-q-41","1.07.26"
"na4-q-42","1.07.26"
"nak02-nis-101","1.08.175"
"nan07-aas-a01","1.08.175"
"nan07-aas-b01","1.08.175"
"nan07-aes-103","1.08.175"
"nan07-aes-161","3.02.45"
"nan07-aes-191","1.08.175"
"nan07-aes-192","1.08.175"
"nan07-aes-262","3.02.45"
"nan07-azs-a01","3.03.20"
"nan07-ees-161","3.02.45"
"nan07-ees-262","3.02.45"
"nan07-ees-291","1.08.175"
"nan07-ees-291","1.08.175"
"nan07-ees-292","1.08.175"
"nan07-ees-yb1","1.08.175"
"nan07-nds-101","1.08.175"
"nan07-nds-101","1.08.175"
"nan07-nds-102","1.08.175"
"nan07-nds-102","1.08.175"
"nan07-nds-103","1.08.175"
"nan07-nds-104","1.08.175"
"nan07-nds-104","1.08.175"
"nan07-nds-361","3.02.15"
"nan07-nds-361","3.02.15"
"nan07-nds-362","3.02.15"
"nan07-nds-362","3.02.15"
"nan07-nis-101","1.08.175"
"nan07-nis-101","1.08.175"
"nan07-nis-102","1.08.175"
"nan07-nis-361s","3.02.15"
"nan07-nis-361s","3.02.15"
"nan07-nrs-101","1.08.175"
"nan07-nrs-102","1.08.175"
"nan07-nrs-361","3.03.17"
"nan07-nrs-361","3.03.17"
"nan07-nrs-362","3.03.17"
"nan07-nrs-362","3.03.17"
"nar-ies-101","1.08.175"
"ndb-igs-101","1.08.175"
"ndb-igs-102","1.08.175"
"ndb-igs-yb1","1.08.175"
"nig-igs-101","1.08.175"
"nig-igs-102","1.08.175"
"nig-igs-103","1.08.175"
"nig-igs-501","1.04.06"
"nig-igs-502","1.04.06"
"nig-igs-yb1","1.08.175"
"nig-igs-yb5","1.04.06"
"nih-igs-101","1.08.175"
"nih-igs-102","1.08.175"
"nih-igs-yb1","1.08.175"
"nm3-m-31","1.08.175"
"nm3-m-3x_yobi","1.08.175"
"nw5-m-91","3.02.15"
"obi-igs-102","1.08.175"
"obi-igs-103","1.08.175"
"obi-igs-yb2","1.08.175"
"oh1-i-500yb1","1.08.175"
"oh1-i-501","1.08.175"
"oh1-i-502","1.08.175"
"oh1-i-54","1.07.26"
"oh1-i-55","1.07.26"
"oh1-i-56","1.07.26"
"oh1-i-57","1.07.26"
"oh1-i-71","1.07.26"
"oh1-m-31","1.08.175"
"oh1-x-10","3.00.04"
"oh1-x-11","3.00.04"
"oj7-m-31","1.08.175"
"oj7-m-3x_yobi","1.08.175"
"oka-igs-101","1.08.175"
"oka-igs-102","1.08.175"
"oka-igs-yb1","1.08.175"
"okh-igs-101","1.08.175"
"okh-igs-yb1","1.08.175"
"oki-igs-101","1.08.175"
"oki-igs-102","1.08.175"
"oki-igs-yb1","1.08.175"
"on6-m-31","1.08.175"
"on6-m-3x_yobi","1.08.175"
"on6-m-52","1.07.26"
"on6-m-yobi","1.07.26"
"oom-igs-101","1.08.175"
"oom-igs-102","1.08.175"
"oom-igs-yb1","1.08.175"
"osc-igs-102","1.08.175"
"osc-igs-103","1.08.175"
"osc-igs-yb2","1.08.175"
"osg-igs-101","1.08.175"
"osg-igs-yb1","1.08.175"
"osk-ias-a01","1.08.175"
"osk-ias-a02","1.08.175"
"osk-ias-a03","1.08.175"
"osk-ias-a04","1.08.175"
"osk-ias-a05","1.08.175"
"osk-ias-b01","1.08.175"
"osk-ias-b02","1.08.175"
"osk-ias-b03","1.08.175"
"osk-ias-b04","1.08.175"
"osk-ias-b05","1.08.175"
"osk-ics-201","1.08.175"
"osk-iea-104","1.07.26"
"osk-ies-101","1.08.175"
"osk-ies-102","1.08.175"
"osk-ies-103","1.08.175"
"osk-ies-yb1","1.08.175"
"osk-ies-yb2","1.08.175"
"osk07-aad-a01","1.08.175"
"osk07-aad-b01","1.08.175"
"osk07-aas-a01","1.08.175"
"osk07-aas-a02","1.08.175"
"osk07-aas-b01","1.08.175"
"osk07-aas-b02","1.08.175"
"osk07-aea-154","2.01.25"
"osk07-aea-155","1.07.26"
"osk07-aea-156","1.07.26"
"osk07-aea-157","1.07.26"
"osk07-aea-159","1.07.26"
"osk07-aea-161","1.07.26"
"osk07-aea-163","1.07.26"
"osk07-aea-164","1.07.26"
"osk07-aea-167","1.07.26"
"osk07-aea-168","1.07.26"
"osk07-aea-169","2.01.25"
"osk07-aea-170","1.07.26"
"osk07-aea-171","2.01.25"
"osk07-aea-172","2.01.25"
"osk07-aea-173","2.01.25"
"osk07-aea-yb1","1.07.26"
"osk07-aea-yb2","2.01.25"
"osk07-aes-101","1.08.175"
"osk07-aes-102","1.08.175"
"osk07-aes-103","1.08.175"
"osk07-aes-104","1.08.175"
"osk07-aes-105","1.08.175"
"osk07-aes-106","1.08.175"
"osk07-aes-203","1.08.175"
"osk07-aes-204","1.08.175"
"osk07-aes-901","1.07.64"
"osk07-aev-104","1.07.26"
"osk07-azd-a01","1.08.175"
"osk07-azs-a01","1.08.175"
"osk07-bbs-a02","2.05.74"
"osk07-bbs-a03","3.03.08"
"osk07-bbs-a04","6.01.05"
"osk07-bbs-b01","2.05.74"
"osk07-bbs-b02","2.05.74"
"osk07-bbs-b03","3.03.08"
"osk07-bbs-b04","6.01.05"
"osk07-brs-b01","2.05.74"
"osk07-ead-a01","1.08.175"
"osk07-ead-b01","1.08.175"
"osk07-eas-a01","1.08.175"
"osk07-eas-a02","1.08.175"
"osk07-eas-b01","1.08.175"
"osk07-eas-b02","1.08.175"
"osk07-eas-b02","1.08.175"
"osk07-ees-101","1.08.175"
"osk07-ees-102","1.08.175"
"osk07-ees-103","1.08.175"
"osk07-ees-yb1","1.08.175"
"osk07-ezs-b01","1.08.175"
"osk07-ezs-b02","3.03.20"
"osk07-nds-101","1.08.175"
"osk07-nds-102","1.08.175"
"osk07-nds-103","1.08.175"
"osk07-nds-103","1.08.175"
"osk07-nds-104","1.08.175"
"osk07-nds-104","1.08.175"
"osk07-nds-105","1.08.175"
"osk07-nds-106","1.08.175"
"osk07-nis-101","1.08.175"
"osk07-nis-101","1.08.175"
"osk07-nrs-101","1.08.175"
"osk07-nrs-102","1.08.175"
"otb-ics-101","1.08.175"
"otb-ics-102","1.08.175"
"otb-ics-103","1.08.175"
"otb-ics-104","1.08.175"
"otb-ics-105","1.08.175"
"otb-ics-106","1.08.175"
"otb-ics-161","3.02.45"
"otb-ics-162","3.02.45"
"otb-ics-163","3.02.45"
"otb-ics-164","3.02.45"
"otb-ics-165","3.02.45"
"otb-ics-166","3.02.45"
"otb-ics-501","1.04.06"
"otb-ics-502","1.04.06"
"otb-ics-503","1.04.06"
"otb-ics-504","1.04.06"
"otb-ics-505","1.04.06"
"otb-ics-506","1.04.06"
"otb-ics-507","1.04.06"
"otb-ics-508","1.04.06"
"otb-ics-509","1.04.06"
"otb-ics-510","1.04.06"
"otb-ics-511","1.04.06"
"otb-ics-512","1.04.06"
"otb-ics-513","1.04.06"
"otb-ics-514","1.04.06"
"ote-ias-a02","1.08.175"
"ote-ias-b02","1.08.175"
"ote-ics-101","1.08.175"
"ote-ics-102","1.08.175"
"ote-ics-105","1.08.175"
"ote-ics-106","1.08.175"
"ote-ics-107","1.08.175"
"ote-ics-108","1.08.175"
"ote-ics-109","1.08.175"
"ote-ics-110","1.08.175"
"ote-ics-111","1.08.175"
"ote-ics-112","1.08.175"
"ote-ics-113","1.08.175"
"ote-ics-114","1.08.175"
"ote-ics-115","1.08.175"
"ote-ics-116","1.08.175"
"ote-ics-117","1.08.175"
"ote-ics-118","1.08.175"
"ote-ics-119","1.08.175"
"ote-ics-120","1.08.175"
"ote-ics-121","1.08.175"
"ote-ics-122","1.08.175"
"ote-ics-201","1.08.175"
"ote-ics-202","1.08.175"
"ote-ics-203","1.08.175"
"ote-ics-204","1.08.175"
"ote-ics-205","1.08.175"
"ote-ies-101","1.08.175"
"ote-ies-102","1.08.175"
"ote-ies-yb1","1.08.175"
"ote-ies-yb2","1.08.175"
"ote-irs-a01","1.08.175"
"ote-irs-a03","1.08.175"
"ote-irs-a04","1.08.175"
"ote-irs-a05","1.08.175"
"ote-irs-a06","1.08.175"
"ote-irs-a07","1.08.175"
"ote-irs-a08","1.08.175"
"ote-irs-b01","1.08.175"
"ote-irs-b03","1.08.175"
"ote-irs-b04","1.08.175"
"ote-irs-b05","1.08.175"
"ote-irs-b06","1.08.175"
"ote-irs-b07","1.08.175"
"ote-irs-b08","1.08.175"
"ote-ls-011","1.08.154"
"ote-ls-012","1.08.154"
"ote-ls-021","1.08.154"
"ote-ls-022","1.08.154"
"ote-ls-031","1.08.154"
"ote-ls-032","1.08.154"
"ote-ls-041","1.08.154"
"ote-ls-042","1.08.154"
"ote-ls-051","1.08.154"
"ote-ls-052","1.08.154"
"ote-ls-061","1.08.154"
"ote-ls-062","1.08.154"
"ote-ts-010","1.08.154"
"ote-ts-020","1.08.154"
"ote-ts-030","1.08.154"
"ote-ts-040","1.08.154"
"ote-ts-050","1.08.154"
"ote-ts-060","1.08.154"
"ote03-aad-a01","1.08.175"
"ote03-aad-a02","1.08.175"
"ote03-aad-a03","1.08.175"
"ote03-aad-b01","1.08.175"
"ote03-aas-a01","1.08.175"
"ote03-aas-a02","1.08.175"
"ote03-aas-b01","1.08.175"
"ote03-aas-b02","1.08.175"
"ote03-aea-153","1.07.26"
"ote03-aea-154","1.07.26"
"ote03-aea-155","1.07.26"
"ote03-aea-156","1.07.26"
"ote03-aea-157","1.07.26"
"ote03-aea-158","1.07.26"
"ote03-aea-253","1.07.26"
"ote03-aea-254","1.07.26"
"ote03-aea-257","1.07.26"
"ote03-aea-258","1.07.26"
"ote03-aea-259","1.07.26"
"ote03-aea-260","1.07.26"
"ote03-aea-261","1.07.26"
"ote03-aea-262","1.07.26"
"ote03-aea-263","1.07.26"
"ote03-aea-264","1.07.26"
"ote03-aea-265","1.07.26"
"ote03-aea-yb1","1.07.26"
"ote03-aes-101","1.08.175"
"ote03-aes-102","1.08.175"
"ote03-aes-103","1.08.175"
"ote03-aes-104","1.08.175"
"ote03-aes-105","1.08.175"
"ote03-aes-106","1.08.175"
"ote03-aes-201","1.08.175"
"ote03-aes-202","1.08.175"
"ote03-aes-205","1.08.175"
"ote03-aes-206","1.08.175"
"ote03-aes-901","1.08.152"
"ote03-ass-a01","1.07.26"
"ote03-azd-a01","1.08.175"
"ote03-ees-101","1.08.175"
"ote03-ees-102","1.08.175"
"ote03-ees-103","1.08.175"
"ote03-ees-104","1.08.175"
"ote03-ees-yb1","1.08.175"
"ote11-aas-a01","1.08.175"
"ote11-aas-b01","1.08.175"
"ote11-aes-101","1.08.175"
"ote11-aes-102","1.08.175"
"ote_LS_011.txt","1.08.154"
"ote_LS_011_1.txt","1.08.154"
"ote_LS_012.txt","1.08.154"
"ote_LS_012_1.txt","1.08.154"
"ote_LS_021.txt","1.08.154"
"ote_LS_021_1.txt","1.08.154"
"ote_LS_022.txt","1.08.154"
"ote_LS_022_1.txt","1.08.154"
"ote_LS_031.txt","1.08.154"
"ote_LS_031_1.txt","1.08.154"
"ote_LS_032.txt","1.08.154"
"ote_LS_032_1.txt","1.08.154"
"ote_LS_041.txt","1.08.154"
"ote_LS_041_1.txt","1.08.154"
"ote_LS_042.txt","1.08.154"
"ote_LS_042_1.txt","1.08.154"
"ote_LS_051.txt","1.08.154"
"ote_LS_051_1.txt","1.08.154"
"ote_LS_052.txt","1.08.154"
"ote_LS_052_1.txt","1.08.154"
"ote_LS_061.txt","1.08.154"
"ote_LS_061_1.txt","1.08.154"
"ote_LS_062.txt","1.08.154"
"ote_LS_062_1.txt","1.08.154"
"ote_TS_010.txt","1.08.154"
"ote_TS_010_1.txt","1.08.154"
"ote_TS_020.txt","1.08.154"
"ote_TS_020_1.txt","1.08.154"
"ote_TS_030.txt","1.08.154"
"ote_TS_030_1.txt","1.08.154"
"ote_TS_040.txt","1.08.154"
"ote_TS_040_1.txt","1.08.154"
"ote_TS_050.txt","1.08.154"
"ote_TS_050_1.txt","1.08.154"
"ote_TS_060.txt","1.08.154"
"ote_TS_060_1.txt","1.08.154"
"sai03-aas-a01","1.08.175"
"sai03-aas-b01","1.08.175"
"sai03-aea-153","2.01.25"
"sai03-aea-155","1.07.26"
"sai03-aea-156","1.07.26"
"sai03-aea-157","1.07.26"
"sai03-aea-159v","1.07.26"
"sai03-aea-yb1","1.07.26"
"sai03-aes-101","1.08.175"
"sai03-aes-102","1.08.175"
"sai03-aes-103","1.08.175"
"sai03-aes-104","1.08.175"
"sai03-aes-105","1.08.175"
"sai03-aes-106","1.08.175"
"sai03-eas-a01","1.08.175"
"sai03-eas-b01","1.08.175"
"sai03-ees-101","1.08.175"
"sai03-ees-102","1.08.175"
"sai03-ees-103","1.08.175"
"sai03-ees-151","1.08.175"
"sai03-ees-yb1","1.08.175"
"sai05-nis-101","1.08.175"
"sak-ias-a01","1.08.175"
"sak-ias-a02","1.08.175"
"sak-ias-b01","1.08.175"
"sak-ias-b02","1.08.175"
"sak-ies-101","1.08.175"
"sak-ies-102","1.08.175"
"sak-ies-103","1.08.175"
"sak-ies-yb1","1.08.175"
"sak05-aas-a01","1.08.175"
"sak05-aas-a02","1.08.175"
"sak05-aas-a02","1.08.175"
"sak05-aas-b01","1.08.175"
"sak05-aas-b02","1.08.175"
"sak05-aas-b02","1.08.175"
"sak05-aea-101","1.07.26"
"sak05-aea-102","1.07.26"
"sak05-aea-151","1.07.26"
"sak05-aea-152","1.07.26"
"sak05-aea-153","1.07.26"
"sak05-aea-154","1.07.26"
"sak05-aea-155","1.07.26"
"sak05-aea-156","1.07.26"
"sak05-aea-157","1.07.26"
"sak05-aea-159","1.07.26"
"sak05-aea-161","2.01.25"
"sak05-aea-yb1","1.07.26"
"sak05-aee-a01","3.02.45"
"sak05-aee-b01","3.02.45"
"sak05-aes-101","1.08.175"
"sak05-aes-102","1.08.175"
"sak05-aes-103","1.08.175"
"sak05-aes-105","1.08.175"
"sak05-aes-106","1.08.175"
"sak05-aes-161","3.02.45"
"sak05-aes-262","3.02.45"
"sak05-aes-262","3.02.45"
"sak05-aes-291","1.08.175"
"sak05-aes-292","1.08.175"
"sak05-ars-a01","3.03.20"
"sak05-bbs-a01","2.05.74"
"sak05-bbs-b01","2.05.74"
"sak05-brs-a01","2.05.74"
"sak05-cds-101","1.08.85"
"sak05-eas-a01","1.08.175"
"sak05-eas-b01","1.08.175"
"sak05-eee-a01","3.02.45"
"sak05-eee-b01","3.02.45"
"sak05-ees-101","1.08.175"
"sak05-ees-102","1.08.175"
"sak05-ees-104","1.08.175"
"sak05-ees-151","1.08.175"
"sak05-ees-161","3.02.45"
"sak05-ees-162","3.02.45"
"sak05-ees-191","1.08.175"
"sak05-ees-yb1","1.08.175"
"sak06-nds-101","1.08.175"
"sak06-nds-101","1.08.175"
"sak06-nds-102","1.08.175"
"sak06-nds-102","1.08.175"
"sak06-nds-103","1.08.175"
"sak06-nds-103","1.08.175"
"sak06-nds-104","1.08.175"
"sak06-nds-261","3.02.15"
"sak06-nds-262","3.02.15"
"sak06-nds-262","3.02.15"
"sak06-nis-101","1.08.175"
"sak06-nis-101","1.08.175"
"sak06-nis-261s","3.02.15"
"sak06-nis-261s","3.02.15"
"sak06-nrs-101","1.08.175"
"sak06-nrs-102","1.08.175"
"sak06-nrs-261","3.03.17"
"sak06-nrs-261","3.03.17"
"sak06-nrs-262","3.03.17"
"sak06-nrs-262","3.03.17"
"sap-iea-103","1.07.26"
"sap-ies-101","1.08.175"
"sap-ies-102","1.08.175"
"sap-ies-yb1","1.08.175"
"sap-sep-101","2.04.06"
"sap01-aas-a01","3.02.45"
"sap01-aas-b01","3.02.45"
"sap01-aea-153","1.07.26"
"sap01-aea-154","1.07.26"
"sap01-aea-155","1.07.26"
"sap01-aea-156","1.07.26"
"sap01-aea-157","1.07.26"
"sap01-aea-158v","1.07.26"
"sap01-aea-160","2.01.25"
"sap01-aea-yb1","1.07.26"
"sap01-aee-a01","3.02.45"
"sap01-aee-b01","3.02.45"
"sap01-aes-101","1.08.175"
"sap01-aes-102","1.08.175"
"sap01-aes-103","1.08.175"
"sap01-aes-105","1.08.175"
"sap01-aes-106","1.08.175"
"sap01-aes-161","3.02.45"
"sap01-aes-162","3.02.45"
"sap01-azs-a01","1.08.175"
"sap01-azs-b01","1.08.175"
"sap01-bbs-a01","2.05.74"
"sap01-bbs-b01","2.05.74"
"sap01-eas-a01","3.02.45"
"sap01-eas-b01","3.02.45"
"sap01-eee-a01","3.02.45"
"sap01-eee-b01","3.02.45"
"sap01-ees-101","1.08.175"
"sap01-ees-102","1.08.175"
"sap01-ees-103","1.08.175"
"sap01-ees-104","1.08.175"
"sap01-ees-152","1.08.175"
"sap01-ees-161","3.02.45"
"sap01-ees-162","3.02.45"
"sap01-ees-yb1","1.08.175"
"sap01-ezs-a01","1.08.175"
"sap01-ezs-b01","1.08.175"
"sap01-nis-101","1.08.175"
"sap01-nis-201","1.08.175"
"sap01-nis-201","1.08.175"
"sas-igs-101","1.08.175"
"sas-igs-104","1.08.175"
"sas-igs-105","1.08.175"
"sas-igs-yb1","1.08.175"
"sas-igs-yb2","1.08.175"
"sea-igs-101","1.08.175"
"sea-igs-102","1.08.175"
"sea-igs-yb1","1.08.175"
"sek-ics-501","1.04.06"
"sek-ics-502","1.04.06"
"sek-ics-503","1.04.06"
"sek-ics-504","1.04.06"
"sek-ics-505","1.04.06"
"sek-ics-506","1.04.06"
"sek-ics-507","1.04.06"
"sek-ics-508","1.04.06"
"sek06-aee-a01","3.02.45"
"sek06-aee-b01","3.02.45"
"sek07-aas-a01","1.08.175"
"sek07-aas-b01","1.08.175"
"sek07-aee-a01","3.02.45"
"sek07-aee-b01","3.02.45"
"sek07-aee-b01_af","3.02.45"
"sek07-aee-b01_bf","3.02.45"
"sek07-aes-161","3.02.45"
"sek07-aes-162","3.02.45"
"sek07-aes-181x","3.02.45"
"sek07-aes-191","1.08.175"
"sek07-aes-192","1.08.175"
"sek07-ars-b01","3.03.20"
"sek07-azs-b01","3.03.20"
"sek07-eas-a01","3.02.45"
"sek07-eas-b01","3.02.45"
"sek07-eee-a01","3.02.45"
"sek07-eee-b01","3.02.45"
"sek07-eee-b01_af","3.02.45"
"sek07-eee-b01_bf","3.02.45"
"sek07-ees-161","3.02.45"
"sek07-ees-162","3.02.45"
"sek07-ees-191","1.08.175"
"sek07-ees-192","1.08.175"
"sek07-ees-281x","3.02.45"
"sek07-ees-yb1","1.08.175"
"sh1-i-52","1.07.26"
"sh1-i-53","1.07.26"
"sh1-i-54","1.07.26"
"sh1-i-55","1.07.26"
"sh1-i-56","1.07.26"
"sh1-i-57","1.07.26"
"sh1-i-58v","1.07.26"
"sh1-i-59v","1.07.26"
"sh1-i-60","1.07.26"
"sh1-i-61","1.07.26"
"sh1-i-62","1.07.26"
"sh1-i-63","1.07.26"
"sh1-i-64","1.07.26"
"sh1-i-65","1.07.26"
"sh1-i-66","1.07.26"
"sh1-i-67","1.07.26"
"sh1-i-68","1.07.26"
"sh1-i-69","2.01.25"
"sh1-i-70","2.01.25"
"sh1-i-73","2.01.25"
"sh1-i-74","2.01.25"
"sh1-i-75","2.01.25"
"sh1-i-76","2.01.25"
"sh1-i-77","2.01.25"
"sh1-i-78","2.01.25"
"sh1-i-79","2.01.25"
"sh1-i-80","2.01.25"
"sh1-i-81","2.01.25"
"sh1-i-82","2.01.25"
"sh1-i-83","2.01.25"
"sh1-i-84","2.01.25"
"sh1-i-85","2.01.25"
"sh1-i-86","2.01.25"
"sh1-i-87","2.01.25"
"sh1-i-88","2.01.25"
"sh1-i-89","2.01.25"
"sh1-i-90","2.01.25"
"sh1-i-91","2.01.25"
"sh1-i-92","2.01.25"
"sh1-i-93","2.01.25"
"sh1-i-94","2.01.25"
"sh1-i-95","2.01.25"
"sh1-i-96","2.01.25"
"sh1-m-31","1.08.175"
"sh1-m-32","1.08.175"
"sh1-m-33","1.08.175"
"sh1-m-54","1.07.26"
"sh1-m-55","1.07.26"
"sh1-m-56","1.07.26"
"sh1-m-58","1.07.26"
"sh1-m-59","1.07.26"
"sh1-m-60","1.07.26"
"sh1-m-61","2.01.25"
"sh1-m-62","2.01.25"
"sh1-m-63","2.01.25"
"sh1-m-64","2.01.25"
"sh1-q-01","2.01.25"
"sh1-q-02","2.01.25"
"sh1-q-03","1.07.26"
"sh1-q-04","2.01.25"
"sh1-q-05","2.01.25"
"sh1-q-06","2.01.25"
"sh1-q-07","2.01.25"
"sh1-x-101","1.08.01"
"sh1-x-102","1.08.01"
"sh1-x-ybxm","1.08.01"
"sia-igs-101","1.08.175"
"sia-igs-102","1.08.175"
"sia-igs-yb1","1.08.175"
"sin-igs-101","1.08.175"
"sin-igs-102","1.08.175"
"sin-igs-501","1.04.06"
"sin-igs-502","1.04.06"
"sin-igs-yb1","1.08.175"
"sin-igs-yb5","1.04.06"
"sin05-nis-101","1.08.175"
"sio-igs-101","1.08.175"
"sio-igs-102","1.08.175"
"sio-igs-yb1","1.08.175"
"sio07-nis-101","1.08.175"
"sir-ias-a01","1.08.175"
"sir-ias-b01","1.08.175"
"sir-ics-101","1.08.175"
"sir-ics-102","1.08.175"
"sir-ics-103","1.08.175"
"sir-ics-104","1.08.175"
"sir-ics-107","1.08.175"
"sir-ics-108","1.08.175"
"sir-ics-111","1.08.175"
"sir-ics-112","1.08.175"
"sir-ics-113","1.08.175"
"sir-ics-114","1.08.175"
"sir-ics-201","1.08.175"
"sir-ics-202","1.08.175"
"sir-ics-203","1.08.175"
"sir-ics-204","1.08.175"
"sir-ics-205","1.08.175"
"sir-ics-206","1.08.175"
"sir-ics-207","1.08.175"
"sir-ics-208","1.08.175"
"sir-ics-209","1.08.175"
"sir-ics-210","1.08.175"
"sir-ics-211","1.08.175"
"sir-ics-212","1.08.175"
"sir-ics-213","1.08.175"
"sir-ics-214","1.08.175"
"sir-ics-301","1.08.175"
"sir-ics-302","1.08.175"
"sir-ics-305","1.08.175"
"sir-ics-306","1.08.175"
"sir-ics-307","1.08.175"
"sir-ics-308","1.08.175"
"sir-ics-309","1.08.175"
"sir-ics-310","1.08.175"
"sir-ics-311","1.08.175"
"sir-ics-312","1.08.175"
"sir-ics-313","1.08.175"
"sir-ics-314","1.08.175"
"sir-ics-315","1.08.175"
"sir-ics-316","1.08.175"
"sir-ics-317","1.08.175"
"sir-ics-318","1.08.175"
"sir-ics-319","1.08.175"
"sir-ics-320","1.08.175"
"sir-ics-321","1.08.175"
"sir-ics-322","1.08.175"
"sir-ics-323","1.08.175"
"sir-ics-324","1.08.175"
"sir-ics-325","1.08.175"
"sir-ics-326","1.08.175"
"sir-ics-327","1.08.175"
"sir-ics-328","1.08.175"
"sir-ics-329","1.08.175"
"sir-ics-330","1.08.175"
"sir-ics-331","1.08.175"
"sir-ics-332","1.08.175"
"sir-ics-333","1.08.175"
"sir-ics-334","1.08.175"
"sir-ics-401","1.08.175"
"sir-ics-402","1.08.175"
"sir-ics-403","1.08.175"
"sir-ics-404","1.08.175"
"sir-ics-405","1.08.175"
"sir-ics-406","1.08.175"
"sir-ics-407","1.08.175"
"sir-ics-408","1.08.175"
"sir-ics-409","1.08.175"
"sir-ics-410","1.08.175"
"sir-ics-501","1.04.06"
"sir-ics-502","1.04.06"
"sir-ics-503","1.04.06"
"sir-ics-504","1.04.06"
"sir-ics-505","1.04.06"
"sir-ics-506","1.04.06"
"sir-ics-507","1.04.06"
"sir-ics-508","1.04.06"
"sir-ics-509","1.04.06"
"sir-ics-510","1.04.06"
"sir-ics-511","1.04.06"
"sir-ics-512","1.04.06"
"sir-ics-513","1.04.06"
"sir-ics-514","1.04.06"
"sir-ics-515","1.04.06"
"sir-ics-516","1.04.06"
"sir-ics-517","1.04.06"
"sir-ics-518","1.04.06"
"sir-ics-519","1.04.06"
"sir-ics-520","1.04.06"
"sir-ics-521","1.04.06"
"sir-ics-522","1.04.06"
"sir-ics-523","1.04.06"
"sir-ics-524","1.04.06"
"sir-ics-525","1.04.06"
"sir-ics-526","1.05.11"
"sir-ics-527","1.04.06"
"sir-ics-528","1.04.06"
"sir-ics-529","1.04.06"
"sir-ics-530","1.04.06"
"sir-ics-531","1.04.06"
"sir-ics-532","1.04.06"
"sir-ics-533","1.04.06"
"sir-ics-534","1.04.06"
"sir-irs-a01","1.08.175"
"sir-irs-a02","1.08.175"
"sir-irs-a03","1.08.175"
"sir-irs-a05","1.08.175"
"sir-irs-a06","1.08.175"
"sir-irs-a07","1.08.175"
"sir-irs-a08","1.08.175"
"sir-irs-a09","1.08.175"
"sir-irs-a10","1.08.175"
"sir-irs-a11","1.08.175"
"sir-irs-a14","1.08.175"
"sir-irs-a15","1.08.175"
"sir-irs-a16","1.08.175"
"sir-irs-a17","1.08.175"
"sir-irs-a18","1.08.175"
"sir-irs-a19","1.08.175"
"sir-irs-a20","1.08.175"
"sir-irs-a21","1.08.175"
"sir-irs-a22","1.08.175"
"sir-irs-a23","1.08.175"
"sir-irs-a24","1.08.175"
"sir-irs-a25","1.08.175"
"sir-irs-a26","1.08.175"
"sir-irs-a27","1.08.175"
"sir-irs-a28","1.08.175"
"sir-irs-b01","1.08.175"
"sir-irs-b02","1.08.175"
"sir-irs-b03","1.08.175"
"sir-irs-b05","1.08.175"
"sir-irs-b06","1.08.175"
"sir-irs-b07","1.08.175"
"sir-irs-b08","1.08.175"
"sir-irs-b09","1.08.175"
"sir-irs-b10","1.08.175"
"sir-irs-b11","1.08.175"
"sir-irs-b14","1.08.175"
"sir-irs-b15","1.08.175"
"sir-irs-b16","1.08.175"
"sir-irs-b17","1.08.175"
"sir-irs-b18","1.08.175"
"sir-irs-b19","1.08.175"
"sir-irs-b20","1.08.175"
"sir-irs-b21","1.08.175"
"sir-irs-b22","1.08.175"
"sir-irs-b23","1.08.175"
"sir-irs-b24","1.08.175"
"sir-irs-b25","1.08.175"
"sir-irs-b26","1.08.175"
"sir-irs-b27","1.08.175"
"sir-irs-b28","1.08.175"
"sir-sep-101","2.04.06"
"sir-sep-102","2.04.06"
"sir03-aas-a01","1.08.175"
"sir03-aas-a02","1.08.175"
"sir03-aas-a03","1.08.175"
"sir03-aas-a04","1.08.175"
"sir03-aas-a04","1.08.175"
"sir03-aas-a05","3.02.45"
"sir03-aas-b01","1.08.175"
"sir03-aas-b02","1.08.175"
"sir03-aas-b03","1.08.175"
"sir03-aas-b04","1.08.175"
"sir03-aas-b04","1.08.175"
"sir03-aas-b05","3.02.45"
"sir03-aea-107","2.01.25"
"sir03-aea-108","1.07.26"
"sir03-aea-109","2.01.25"
"sir03-aea-110","2.01.25"
"sir03-aea-111","2.01.25"
"sir03-aea-112","2.01.25"
"sir03-aea-113","2.01.25"
"sir03-aea-114","2.01.25"
"sir03-aea-115","2.01.25"
"sir03-aea-116","2.01.25"
"sir03-aea-117","2.01.25"
"sir03-aea-118","2.01.25"
"sir03-aea-119","2.01.25"
"sir03-aea-120","2.01.25"
"sir03-aea-121","2.01.25"
"sir03-aea-122","2.01.25"
"sir03-aea-151","1.07.26"
"sir03-aea-152","1.07.26"
"sir03-aea-153","1.07.26"
"sir03-aea-155","1.07.26"
"sir03-aea-156","1.07.26"
"sir03-aea-157","1.07.26"
"sir03-aea-158","1.07.26"
"sir03-aea-159","1.07.26"
"sir03-aea-160","1.07.26"
"sir03-aea-161","1.07.26"
"sir03-aea-162","1.07.26"
"sir03-aea-163","1.07.26"
"sir03-aea-164","1.07.26"
"sir03-aea-165","1.07.26"
"sir03-aea-166","1.07.26"
"sir03-aea-167","1.07.26"
"sir03-aea-168","1.07.26"
"sir03-aea-169","1.07.26"
"sir03-aea-170","1.07.26"
"sir03-aea-171","1.07.26"
"sir03-aea-172","1.07.26"
"sir03-aea-173","1.07.26"
"sir03-aea-174","1.07.26"
"sir03-aea-175","1.07.26"
"sir03-aea-177","1.07.26"
"sir03-aea-178","1.07.26"
"sir03-aea-179","1.07.26"
"sir03-aea-180","1.07.26"
"sir03-aea-181","1.07.26"
"sir03-aea-182","1.07.26"
"sir03-aea-183","1.07.26"
"sir03-aea-184","1.07.26"
"sir03-aea-185","1.07.26"
"sir03-aea-186","1.07.26"
"sir03-aea-187","1.07.26"
"sir03-aea-188","1.07.26"
"sir03-aea-189","1.07.26"
"sir03-aea-190v","1.07.26"
"sir03-aea-191","1.07.26"
"sir03-aea-192","1.07.26"
"sir03-aea-193v","1.07.26"
"sir03-aea-194","1.07.26"
"sir03-aea-195","1.07.26"
"sir03-aea-197","1.07.26"
"sir03-aea-251","2.01.25"
"sir03-aea-252","2.01.25"
"sir03-aea-253","2.01.25"
"sir03-aea-254","2.01.25"
"sir03-aea-255","2.01.25"
"sir03-aea-256","2.01.25"
"sir03-aea-257","2.01.25"
"sir03-aea-258","2.01.25"
"sir03-aea-259","2.01.25"
"sir03-aea-260","2.01.25"
"sir03-aea-261","2.01.25"
"sir03-aea-262","2.01.25"
"sir03-aea-263","2.01.25"
"sir03-aea-264","2.01.25"
"sir03-aea-266","2.01.25"
"sir03-aea-yb1","2.01.25"
"sir03-aea-yb2","2.01.25"
"sir03-aes-101","1.08.175"
"sir03-aes-102","1.08.175"
"sir03-aes-103","1.08.175"
"sir03-aes-104","1.08.175"
"sir03-aes-105","1.08.175"
"sir03-aes-106","1.08.175"
"sir03-aes-107","1.08.175"
"sir03-aes-108","1.08.175"
"sir03-aes-109","1.08.175"
"sir03-aes-110","1.08.175"
"sir03-aes-201","1.08.175"
"sir03-aes-202","1.08.175"
"sir03-aes-203","1.08.175"
"sir03-aes-204","1.08.175"
"sir03-aes-205","1.08.175"
"sir03-aes-206","1.08.175"
"sir03-aes-213","1.08.175"
"sir03-aes-214","1.08.175"
"sir03-aes-261","3.02.45"
"sir03-aes-263","3.02.45"
"sir03-aes-264","3.02.45"
"sir03-aes-264","3.02.45"
"sir03-aes-264","3.02.45"
"sir03-aes-265","3.02.45"
"sir03-aes-266","3.02.45"
"sir03-aes-266","3.02.45"
"sir03-aes-281x","3.02.45"
"sir03-aes-282x","3.02.45"
"sir03-aes-283x","3.02.45"
"sir03-aes-303","1.08.175"
"sir03-aes-304","1.08.175"
"sir03-aes-391","1.08.175"
"sir03-aes-392","1.08.175"
"sir03-aes-392","1.08.175"
"sir03-aes-462","3.02.45"
"sir03-aes-491","1.08.175"
"sir03-aes-491","1.08.175"
"sir03-aes-492","1.08.175"
"sir03-aes-492","1.08.175"
"sir03-aes-561","3.02.45"
"sir03-aes-562","3.02.45"
"sir03-aev-101","1.07.26"
"sir03-aev-102","1.07.26"
"sir03-aev-201","2.01.25"
"sir03-aev-202","2.01.25"
"sir03-ars-a01","3.03.20"
"sir03-aua-601","2.01.25"
"sir03-aua-801","1.08.175"
"sir03-azs-a02","3.03.20"
"sir03-azs-a02","3.03.20"
"sir03-bbs-a01","2.05.74"
"sir03-bbs-a02","2.05.74"
"sir03-bbs-a03","2.05.74"
"sir03-bbs-a04","2.05.74"
"sir03-bbs-a05","2.05.74"
"sir03-bbs-a06","2.05.74"
"sir03-bbs-a07","2.05.74"
"sir03-bbs-a08","2.05.74"
"sir03-bbs-b02","2.05.74"
"sir03-bbs-b03","2.05.74"
"sir03-bbs-b04","2.05.74"
"sir03-bbs-b05","2.05.74"
"sir03-bbs-b06","2.05.74"
"sir03-bbs-b07","2.05.74"
"sir03-bbs-b08","2.05.74"
"sir03-brs-a01","2.05.74"
"sir03-cds-101","1.08.85"
"sir03-eas-a01","1.08.175"
"sir03-eas-a02","1.08.175"
"sir03-eas-a03","1.08.175"
"sir03-eas-a03","1.08.175"
"sir03-eas-a04","1.08.175"
"sir03-eas-a04","1.08.175"
"sir03-eas-a05","1.08.175"
"sir03-eas-b01","1.08.175"
"sir03-eas-b02","1.08.175"
"sir03-eas-b03","1.08.175"
"sir03-eas-b03","1.08.175"
"sir03-eas-b04","1.08.175"
"sir03-eas-b04","1.08.175"
"sir03-eas-b05","1.08.175"
"sir03-ees-101","1.08.175"
"sir03-ees-102","1.08.175"
"sir03-ees-151","1.08.175"
"sir03-ees-151","1.08.175"
"sir03-ees-152","1.08.175"
"sir03-ees-153","1.08.175"
"sir03-ees-153","1.08.175"
"sir03-ees-154","1.08.175"
"sir03-ees-156","1.08.175"
"sir03-ees-201","1.08.175"
"sir03-ees-202","1.08.175"
"sir03-ees-261","3.02.45"
"sir03-ees-262","3.02.45"
"sir03-ees-263","3.02.45"
"sir03-ees-264","3.02.45"
"sir03-ees-265","3.02.45"
"sir03-ees-265","3.02.45"
"sir03-ees-266","3.02.45"
"sir03-ees-266","3.02.45"
"sir03-ees-281x","3.02.45"
"sir03-ees-282x","3.02.45"
"sir03-ees-283x","3.02.45"
"sir03-ees-301","1.08.175"
"sir03-ees-302","1.08.175"
"sir03-ees-391","1.08.175"
"sir03-ees-391","1.08.175"
"sir03-ees-392","1.08.175"
"sir03-ees-392","1.08.175"
"sir03-ees-491","1.08.175"
"sir03-ees-491","1.08.175"
"sir03-ees-492","1.08.175"
"sir03-ees-492","1.08.175"
"sir03-ees-561","3.02.45"
"sir03-ees-562","3.02.45"
"sir03-ees-562","3.02.45"
"sir03-ees-901","1.08.152"
"sir03-ees-yb1","1.08.175"
"sir03-ess-a01","1.08.175"
"sir03-eua-601","2.01.25"
"sir03-eua-801","1.08.175"
"sir03-ezs-a02","3.03.20"
"sir03-ezs-a02","3.03.20"
"sir03-nds-101","1.08.175"
"sir03-nds-102","1.08.175"
"sir03-nds-103","1.08.175"
"sir03-nds-104","1.08.175"
"sir03-nds-104","1.08.175"
"sir03-nds-201","1.08.175"
"sir03-nds-201","1.08.175"
"sir03-nds-202","1.08.175"
"sir03-nds-203","1.08.175"
"sir03-nds-204","1.08.175"
"sir03-nds-204","1.08.175"
"sir03-nds-361","3.02.15"
"sir03-nds-361","3.02.15"
"sir03-nds-362","3.02.15"
"sir03-nds-363","3.02.15"
"sir03-nds-363","3.02.15"
"sir03-nds-364","3.02.15"
"sir03-nds-364","3.02.15"
"sir03-nds-365","3.02.15"
"sir03-nds-365","3.02.15"
"sir03-nds-366","3.02.15"
"sir03-nds-366","3.02.15"
"sir03-nis-101","1.08.175"
"sir03-nis-101","1.08.175"
"sir03-nis-102","1.08.175"
"sir03-nis-102","1.08.175"
"sir03-nis-201","1.08.175"
"sir03-nis-201","1.08.175"
"sir03-nis-202","1.08.175"
"sir03-nis-361s","3.02.15"
"sir03-nis-361s","3.02.15"
"sir03-nis-362s","3.02.15"
"sir03-nis-362s","3.02.15"
"sir03-nis-363s","3.02.15"
"sir03-nis-363s","3.02.15"
"sir03-nis-364s","3.02.15"
"sir03-nrs-101","1.08.175"
"sir03-nrs-102","1.08.175"
"sir03-nrs-201","1.08.175"
"sir03-nrs-202","1.08.175"
"sir03-nrs-361","2.05.74"
"sir03-nrs-361","2.05.74"
"sir03-nrs-362","2.05.74"
"sir03-nrs-362","2.05.74"
"sir05-nds-101","1.08.175"
"sir05-nds-102","1.08.175"
"sir05-nrs-101","1.08.175"
"sir05-nrs-102","1.08.175"
"sir11-aea-101","1.07.26"
"sir11-aea-102","1.07.26"
"sir11-aea-103","1.07.26"
"sir11-aea-104","1.07.26"
"sir11-aea-105","1.07.26"
"sir11-aea-106","1.07.26"
"sir11-aea-107","1.07.26"
"sir11-aea-108","2.01.25"
"sir11-aea-109","2.01.25"
"sir11-aea-110","2.01.25"
"sir11-aea-111","2.01.25"
"sir11-aea-112","2.01.25"
"sir11-aea-113","2.01.25"
"sir11-aea-114","2.01.25"
"sir11-aea-115","2.01.25"
"sir11-aea-116","2.01.25"
"sir11-aes-101","1.08.175"
"sir11-aes-161","3.02.45"
"sir11-avc-a01","1.08.56"
"sir11-avc-yb1","1.08.56"
"sir11-azs-a01","1.08.175"
"sir11-ees-101","1.08.175"
"sir11-ees-102","1.08.175"
"sir11-ees-102","1.08.175"
"sir11-ees-103","1.08.175"
"sir11-ees-161","3.02.45"
"sir11-ees-161","3.02.45"
"sir11-ezs-a01","1.08.175"
"sir11-ezs-a01","1.08.175"
"sir11-ezs-b01","1.08.175"
"sir11-ezs-b01","1.08.175"
"siz-igs-103","1.08.175"
"siz-igs-104","1.08.175"
"siz-igs-yb2","1.08.175"
"sk4-i-51","1.07.26"
"sk4-i-52","1.07.26"
"sk4-i-53","2.01.25"
"sk4-i-54","2.01.25"
"sk4-i-55","2.01.25"
"sk4-i-56","2.01.25"
"sk4-i-yobi03","2.01.25"
"sk4-m-31","1.08.175"
"sk4-m-32","1.08.175"
"sk4-m-32","1.08.175"
"sk4-m-56","1.07.26"
"sk4-m-57","1.07.26"
"sk4-m-58","1.07.26"
"sk4-m-59","1.07.26"
"skf05-nis-101","1.08.175"
"sn8-i-07","1.07.26"
"sn8-i-08","1.07.26"
"sn8-i-09","1.07.26"
"sn8-i-10","1.07.26"
"sn8-i-11","2.01.25"
"sn8-i-12","2.01.25"
"sn8-i-13","2.01.25"
"sn8-i-501","1.08.175"
"sn8-i-yobi01","2.01.25"
"sn8-m-31","1.08.175"
"sn8-m-31","1.08.175"
"sn8-m-32","1.08.175"
"sn8-m-60","1.07.26"
"sn8-m-61","2.01.25"
"sn8-q-41","1.07.26"
"sn8-q-42","1.07.26"
"sns-igs-101","1.08.175"
"sns-igs-102","1.08.175"
"sns-igs-yb1","1.08.175"
"sok-igs-101","1.08.175"
"sok-igs-102","1.08.175"
"sok-igs-yb1","1.08.175"
"st8-i-11","1.07.26"
"st8-i-12","1.07.26"
"st8-i-13","1.07.26"
"st8-i-14","2.01.25"
"st8-i-15","2.01.25"
"st8-i-16","2.01.25"
"st8-i-501","1.08.175"
"st8-i-yobi01","2.01.25"
"st8-m-31","1.08.175"
"st8-m-31","1.08.175"
"st8-m-32","1.08.175"
"st8-m-61","1.07.26"
"st8-m-62","1.07.26"
"st8-m-64","2.01.25"
"st8-q-41","1.07.26"
"st8-q-42","1.07.26"
"tac03-aas-a01","1.08.175"
"tac03-aas-b01","1.08.175"
"tac03-aea-105","2.01.25"
"tac03-aea-106","2.01.25"
"tac03-aea-153","1.07.26"
"tac03-aea-155","1.07.26"
"tac03-aea-156","1.07.26"
"tac03-aea-157","1.07.26"
"tac03-aea-158","1.07.26"
"tac03-aea-yb1","1.07.26"
"tac03-aes-101","1.08.175"
"tac03-aes-102","1.08.175"
"tac03-aes-103","1.08.175"
"tac03-aes-104","1.08.175"
"tac03-aes-105","1.08.175"
"tac03-aes-106","1.08.175"
"tac03-eas-a01","1.08.175"
"tac03-eas-b01","1.08.175"
"tac03-ees-101","1.08.175"
"tac03-ees-102","1.08.175"
"tac03-ees-152","1.08.175"
"tac03-ees-yb1","1.08.175"
"tac05-nis-101","1.08.175"
"tak-ies-101","1.08.175"
"tak-ies-yb1","1.08.175"
"tb1-i-06","1.07.26"
"tb1-i-07","1.07.26"
"tb1-i-08","1.07.26"
"tb1-i-09","1.07.26"
"tb1-i-10","2.01.25"
"tb1-i-11","2.01.25"
"tb1-i-yobi01","2.01.25"
"tb1-q-41","1.07.26"
"tb1-q-42","1.07.26"
"ten-ias-a01","1.08.175"
"ten-ias-a02","1.08.175"
"ten-ias-a03","1.08.175"
"ten-ias-b01","1.08.175"
"ten-ias-b02","1.08.175"
"ten-ias-b03","1.08.175"
"ten-iea-104","1.07.26"
"ten-ies-101","1.08.175"
"ten-ies-103","1.08.175"
"ten-ies-104","1.08.175"
"ten-ies-yb1","1.08.175"
"ten09-nds-101","1.08.175"
"ten09-nds-101","1.08.175"
"ten09-nds-102","1.08.175"
"ten09-nds-102","1.08.175"
"ten09-nds-103","1.08.175"
"ten09-nds-103","1.08.175"
"ten09-nds-261","3.02.15"
"ten09-nis-101","1.08.175"
"ten09-nis-101","1.08.175"
"ten09-nis-261","3.02.15"
"ten09-nrs-101","1.08.175"
"ten09-nrs-102","1.08.175"
"ten10-aas-a01","3.02.45"
"ten10-aas-b01","3.02.45"
"ten10-aea-108","1.07.26"
"ten10-aea-153","1.07.26"
"ten10-aea-154","1.07.26"
"ten10-aea-157","1.07.26"
"ten10-aea-159","1.07.26"
"ten10-aea-160","1.07.26"
"ten10-aea-161","1.07.26"
"ten10-aea-162","1.07.26"
"ten10-aea-163","1.07.26"
"ten10-aea-164","2.01.25"
"ten10-aea-165","1.07.26"
"ten10-aea-167","2.01.25"
"ten10-aea-yb1","1.07.26"
"ten10-aee-a01","3.02.45"
"ten10-aee-b01","3.02.45"
"ten10-aes-101","1.08.175"
"ten10-aes-102","1.08.175"
"ten10-aes-103","1.08.175"
"ten10-aes-104","1.08.175"
"ten10-aes-105","1.08.175"
"ten10-aes-106","1.08.175"
"ten10-aes-107","1.08.175"
"ten10-aes-108","1.08.175"
"ten10-aes-109","1.08.175"
"ten10-aes-161","3.02.45"
"ten10-aes-162","3.02.45"
"ten10-azs-a01","1.08.175"
"ten10-azs-b01","1.08.175"
"ten10-bbs-a01","2.05.74"
"ten10-bbs-a02","6.01.05"
"ten10-bbs-b01","2.05.74"
"ten10-bbs-b02","6.01.05"
"ten10-cds-101","1.08.85"
"ten10-eas-a01","1.08.175"
"ten10-eas-a02","3.02.45"
"ten10-eas-b01","1.08.175"
"ten10-eas-b02","3.02.45"
"ten10-eee-a01","3.02.45"
"ten10-eee-b01","3.02.45"
"ten10-ees-101","1.08.175"
"ten10-ees-102","1.08.175"
"ten10-ees-103","1.08.175"
"ten10-ees-104","1.08.175"
"ten10-ees-104","1.08.175"
"ten10-ees-152","1.08.175"
"ten10-ees-191","1.08.175"
"ten10-ees-192","1.08.175"
"ten10-ees-261","3.02.45"
"ten10-ees-262","3.02.45"
"ten10-ees-yb1","1.08.175"
"ten10-ezs-a01","1.08.175"
"ten10-ezs-a01","1.08.175"
"ten10-ezs-b01","1.08.175"
"ten10-ezs-b01","1.08.175"
"tfg03-cgs-101","1.08.85"
"tkg-igs-101","1.08.175"
"tkg-igs-102","1.08.175"
"tkg-igs-yb1","1.08.175"
"tkm-igs-101","1.08.175"
"tkm-igs-102","1.08.175"
"tkm-igs-yb1","1.08.175"
"tks-igs-101","1.08.175"
"tks-igs-102","1.08.175"
"tks-igs-yb1","1.08.175"
"tmt03-cgs-101","1.08.85"
"ttt-igs-101","1.08.175"
"ttt-igs-102","1.08.175"
"ttt-igs-yb1","1.08.175"
"tut-ias-a01","1.08.175"
"tut-ias-a02","1.08.175"
"tut-ias-a03","1.08.175"
"tut-ias-a04","1.08.175"
"tut-ias-b01","1.08.175"
"tut-ias-b02","1.08.175"
"tut-ias-b03","1.08.175"
"tut-ias-b04","1.08.175"
"tut-iea-103","1.07.26"
"tut-ies-101","1.08.175"
"tut-ies-102","1.08.175"
"tut-ies-103","1.08.175"
"tut-ies-yb1","1.08.175"
"tut-sep-101","2.04.06"
"tut02-aas-a01","1.08.175"
"tut02-aas-b01","1.08.175"
"tut02-aea-107","1.07.26"
"tut02-aea-153","1.07.26"
"tut02-aea-154","1.07.26"
"tut02-aea-155","1.07.26"
"tut02-aea-156","1.07.26"
"tut02-aea-157","1.07.26"
"tut02-aea-158","2.01.25"
"tut02-aea-159","1.07.26"
"tut02-aea-yb1","1.07.26"
"tut02-aee-a01","3.02.45"
"tut02-aee-b01","3.02.45"
"tut02-aes-101","1.08.175"
"tut02-aes-102","1.08.175"
"tut02-aes-103","1.08.175"
"tut02-aes-104","1.08.175"
"tut02-aes-105","1.08.175"
"tut02-aes-106","1.08.175"
"tut02-aes-107","1.08.175"
"tut02-aes-161","3.02.45"
"tut02-aes-162","3.02.45"
"tut02-aes-191","1.08.175"
"tut02-azs-a01","1.08.175"
"tut02-azs-b01","1.08.175"
"tut02-bbs-a01","2.05.74"
"tut02-bbs-b01","2.05.74"
"tut02-eas-a01","1.08.175"
"tut02-eas-a01","1.08.175"
"tut02-eas-b01","1.08.175"
"tut02-eas-b01","1.08.175"
"tut02-eee-a01","3.02.45"
"tut02-eee-b01","3.02.45"
"tut02-ees-101","1.08.175"
"tut02-ees-102","1.08.175"
"tut02-ees-103","1.08.175"
"tut02-ees-104","1.08.175"
"tut02-ees-152","1.08.175"
"tut02-ees-161","3.02.45"
"tut02-ees-162","3.02.45"
"tut02-ees-191","1.08.175"
"tut02-ees-191","1.08.175"
"tut02-ees-yb1","1.08.175"
"tut02-ezs-a01","1.08.175"
"tut02-ezs-b01","1.08.175"
"tut02-nds-101","1.08.175"
"tut02-nds-101","1.08.175"
"tut02-nds-102","1.08.175"
"tut02-nds-103","1.08.175"
"tut02-nds-103","1.08.175"
"tut02-nds-261","3.02.15"
"tut02-nds-261","3.02.15"
"tut02-nis-101","1.08.175"
"tut02-nis-101","1.08.175"
"tut02-nis-261","3.02.15"
"tut02-nis-261","3.02.15"
"tut02-nrs-101","1.08.175"
"tut02-nrs-102","1.08.175"
"tym-igs-101","1.08.175"
"tym-igs-102","1.08.175"
"tym-igs-yb1","1.08.175"
"utu-igs-101","1.08.175"
"utu-igs-102","1.08.175"
"utu-igs-103","1.08.175"
"utu-igs-501","1.04.06"
"utu-igs-502","1.04.06"
"utu-igs-yb1","1.08.175"
"utu-igs-yb2","1.08.175"
"utu-igs-yb5","1.04.06"
"utu05-nis-101","1.08.175"
"wky-igs-101","1.08.175"
"wky-igs-102","1.08.175"
"wky-igs-yb1","1.08.175"
"ygn-igs-101","1.08.175"
"ygn-igs-102","1.08.175"
"ygn-igs-yb1","1.08.175"
"yn2-i-17","1.07.26"
"yn2-i-18","1.07.26"
"yn2-i-19","1.07.26"
"yn2-i-20","1.07.26"
"yn2-i-21","1.07.26"
"yn2-i-22","2.01.25"
"yn2-i-23","2.01.25"
"yn2-i-24","2.01.25"
"yn2-i-25","2.01.25"
"yn2-i-26","2.01.25"
"yn2-i-27","2.01.25"
"yn2-i-28","2.01.25"
"yn2-i-29v","2.01.25"
"yn2-i-501","1.08.175"
"yn2-i-yobi01","2.01.25"
"yn2-m-31","1.08.175"
"yn2-m-32","1.08.175"
"yn2-m-33","1.08.175"
"yn2-m-59","1.07.26"
"yn2-m-60","1.07.26"
"yn2-m-61","1.07.26"
"yn2-m-62","1.07.26"
"yn2-m-63","1.07.26"
"yn2-m-64","1.07.26"
"yn2-m-65","2.01.25"
"yn2-m-66","2.01.25"
"yn2-m-67","2.01.25"
"yn2-q-41","1.07.26"
"yn2-q-42","1.07.26"
"yn2-x-04","3.00.04"
"yn2-x-05","3.00.04"
"yn2-x-101","1.08.01"
"yn2-x-102","1.08.01"
"yn2-x-ybxm","1.08.01"
"yok-igs-101","1.08.175"
"yok-igs-102","1.08.175"
"yok-igs-yb1","1.08.175"
"yon03-aas-a01","1.08.175"
"yon03-aas-a02","1.08.175"
"yon03-aas-b01","1.08.175"
"yon03-aas-b02","1.08.175"
"yon03-aea-105","1.07.26"
"yon03-aea-106","2.01.25"
"yon03-aea-107","2.01.25"
"yon03-aea-108","2.01.25"
"yon03-aea-155","1.07.26"
"yon03-aea-156","1.07.26"
"yon03-aea-157","1.07.26"
"yon03-aea-158","1.07.26"
"yon03-aea-159","1.07.26"
"yon03-aea-160","1.07.26"
"yon03-aea-161","1.07.26"
"yon03-aea-162","1.07.26"
"yon03-aea-163","1.07.26"
"yon03-aea-164","1.07.26"
"yon03-aea-165","1.07.26"
"yon03-aea-167","2.01.25"
"yon03-aea-yb1","1.07.26"
"yon03-aes-101","1.08.175"
"yon03-aes-102","1.08.175"
"yon03-aes-103","1.08.175"
"yon03-aes-104","1.08.175"
"yon03-aes-105","1.08.175"
"yon03-aes-106","1.08.175"
"yon03-aes-107","1.08.175"
"yon03-aes-108","1.08.175"
"yon03-aes-109","1.08.175"
"yon03-aes-110","1.08.175"
"yon03-aes-203","1.08.175"
"yon03-aes-261","3.02.45"
"yon03-aes-262","3.02.45"
"yon03-aes-263","3.02.45"
"yon03-ead-a01","1.08.175"
"yon03-ead-b01","1.08.175"
"yon03-eas-a01","1.08.175"
"yon03-eas-a01","1.08.175"
"yon03-eas-a02","1.08.175"
"yon03-eas-a02","1.08.175"
"yon03-eas-b01","1.08.175"
"yon03-eas-b01","1.08.175"
"yon03-eas-b02","1.08.175"
"yon03-eas-b02","1.08.175"
"yon03-ees-101","1.08.175"
"yon03-ees-102","1.08.175"
"yon03-ees-102","1.08.175"
"yon03-ees-103","1.08.175"
"yon03-ees-104","1.08.175"
"yon03-ees-104","1.08.175"
"yon03-ees-152","1.08.175"
"yon03-ees-261","3.02.45"
"yon03-ees-262","3.02.45"
"yon03-ees-263","3.02.45"
"yon03-ees-264","3.02.45"
"yon03-ees-291","1.08.175"
"yon03-ees-291","1.08.175"
"yon03-ees-yb1","1.08.175"
"yon04-nds-101","1.08.175"
"yon04-nds-102","1.08.175"
"yon04-nds-102","1.08.175"
"yon04-nds-103","1.08.175"
"yon04-nds-103","1.08.175"
"yon04-nds-104","1.08.175"
"yon04-nds-104","1.08.175"
"yon04-nis-101","1.08.175"
"yon04-nis-101","1.08.175"
"yon04-nis-102","1.08.175"
"yon04-nrs-101","1.08.175"
"yon04-nrs-102","1.08.175"
"yos-igs-101","1.08.175"
"yos-igs-102","1.08.175"
"yos-igs-103","1.08.175"
"yos-igs-yb1","1.08.175"
"ys6-m-31","1.08.175"
"ys6-m-3x_yobi","1.08.175"
"ys6-m-62","1.07.26"
"ys6-m-yobi","1.07.26"
